content,date,like,place,tags
".💙 구좌 ""제주모랑"" 💙사장님들이 손수 만든 수제소품들이 가득~좋은향이 가득한 구좌의 예쁜 소품샵이야　제주스럽고 아기자기한 소품도 많고다양한 향의 디퓨저 맛집으로 핫함👀❣감성충전하러 가기 딱이쟈나,,🎀@세화해변 근처니까 꼭 들러볼것!📌저장필수　　✅제주시 구좌읍 세화리 구좌로 48✅010-2779-2947✅@Jejumorang　　#제주모랑 #제주소품샵 #세화소품샵 #제주기념품 #제주기념품샵 #구좌읍소품샵 #제주선물가게 #제주소품샵투어 #제주기념품가게 #제주선물추천 #제주시소품샵 #제주여행선물 #제주여행선물추천 #제주여행 #제주핫플 #제주가볼만한곳 #제주도소품샵 #세화가볼만한곳 #제주맛집 #제주도맛집 #서귀포맛집 #제주카페 #서귀포카페","['#제주모랑', '#제주소품샵', '#세화소품샵', '#제주기념품', '#제주기념품샵', '#구좌읍소품샵', '#제주선물가게', '#제주소품샵투어', '#제주기념품가게', '#제주선물추천', '#제주시소품샵', '#제주여행선물', '#제주여행선물추천', '#제주여행', '#제주핫플', '#제주가볼만한곳', '#제주도소품샵', '#세화가볼만한곳', '#제주맛집', '#제주도맛집', '#서귀포맛집', '#제주카페', '#서귀포카페']",2021-08-18,"1,029",
"협찬제주 대표 썬셋 맛집 ""랍스터빈""주소 : 제주시 애월읍 애월해안로 752전화 : 064-743-1979영업 : 오전11시~밤10시 연중무휴포장ㆍ배달 환영제주애월맛집💘 랍스터빈#애월맛집 #애월카페 #애월읍맛집 #제주애월맛집 #제주도맛집 #제주맛집 #제주도카페 #제주카페 #외도맛집 #하귀맛집 #한림맛집 #한림카페#애월해안도로맛집 #애월가볼만한곳 #제주공항맛집 #제주공항근처맛집 #제주여행 #제주도여행","['#애월맛집', '#애월카페', '#애월읍맛집', '#제주애월맛집', '#제주도맛집', '#제주맛집', '#제주도카페', '#제주카페', '#외도맛집', '#하귀맛집', '#한림맛집', '#한림카페', '#애월해안도로맛집', '#애월가볼만한곳', '#제주공항맛집', '#제주공항근처맛집', '#제주여행', '#제주도여행']",2021-08-18,0,
"42년 전통 도민 맛집. 태양을 품은 듯 화끈한 비주얼이다. 포슬포슬한 두부가 푸짐히 들어간 순두부 찌개다. #신해바라기분식 #제주도맛집뜨끈한 국물과 두부 한 숟갈을 떠먹으면 화끈한 매운맛과 뜨거운 열기가 식욕을 자극한다. (신라면보다 조금 매운 정도?)맵기 조절이 가능하기에 취향에 따라 먹을 수 있다. 매운 걸 먹지 못하는 일행이 있다면, 백순두부도 좋다. 더 담백하고 맑은 국물로 두부맛에 집중할 수 있다. 보글보글 끓어나오는 콩비지 느낌의 순두부 찌개와 오징어 젓갈이 기억에 남는 제주도 로컬 맛집이다. 📍 제주 일도1동 1342-4◾순두부찌개 ₩7,000🏷 피웨 부캐 노포 간판 수집가 @nopo__joa🏷 미식가들의 맛집 모음집 @e.a.t.club#순두부찌개 #국밥맛집 #제주맛집 #제주시맛집 #피그웨이브_제주","['#신해바라기분식', '#제주도맛집뜨끈한', '#순두부찌개', '#국밥맛집', '#제주맛집', '#제주시맛집', '#피그웨이브_제주']",2021-08-18,"1,057",제주도
<광고>분위기 좋고!! 매장 내부가 넓어서 쾌적하고좋아요.시간대 잘 맞추시면 애월바다 저녁 노을을바라 보면서 식사도 가능하니 역시 최고죠!!✔제주 제주시 애월읍 애월해안도로 656✔매일 17:00 - 22:00 연중무휴✔064-741-5002#코시롱#애월맛집 #애월읍맛집 #애월맛집추천#애월흑돼지맛집 #제주흑돼지맛집 #제주도흑돼지맛집 #제주애월맛집 #애월가볼만한곳 #제주도맛집#제주맛집 #협재맛집 #한림맛집#애월핫플 #제주게스트하우스 #한담맛집#애월흑돼지 #제주흑돼지 #제주도흑돼지,"['#코시롱', '#애월맛집', '#애월읍맛집', '#애월맛집추천', '#애월흑돼지맛집', '#제주흑돼지맛집', '#제주도흑돼지맛집', '#제주애월맛집', '#애월가볼만한곳', '#제주도맛집', '#제주맛집', '#협재맛집', '#한림맛집', '#애월핫플', '#제주게스트하우스', '#한담맛집', '#애월흑돼지', '#제주흑돼지', '#제주도흑돼지']",2021-08-18,0,
광고)제주공항에서 진~짜가깝고 개별룸이 많아서 더 좋고맛있는 도민맛집으로유명한 '연동대게회타운'낮2시부터 ~ 라스트오더는 밤 12시까지개인룸에서 맘편하게 먹자!!🙊이야.. 살이 꽉 차있네소리가 절로나오는탱글 쫄깃한💦속살에⠀녹~찐한 내장까지증말 스릉흔다❤❤⠀밑반찬 구성도푸짐하니 다양하게즐길 수 있어 좋고!⠀살이꽉찬 대게&킹크랩 맛집👏⠀개별룸 형식으로걱정🙅 ♀없이 먹는'연동대게회타운'⠀<연동대게회타운>*제주 제주시 신대로 125*064-903-1889#제주맛집 #제주도맛집#제주공항근처맛집#제주골프 #제주도골프#제주여행 #제주도여행#제주 #제주도 #제주시맛집 #제주시 #제주도민맛집 #제주공항 #제주도공항,"['#제주맛집', '#제주도맛집', '#제주공항근처맛집', '#제주골프', '#제주도골프', '#제주여행', '#제주도여행', '#제주', '#제주도', '#제주시맛집', '#제주시', '#제주도민맛집', '#제주공항', '#제주도공항']",2021-08-18,0,
.#연동 #모니카옛날통닭간판부터 맛집포스 작렬하는 찐맛집이젠 인생치킨이라고 말하기도 입아픔@칭구야 올때 포장해와@주소 : 제주 제주시 신대로10길 33..#제주맛집 #제주도맛집 #제주공항근처맛집 #제주시맛집 #애월맛집 #중문맛집 #제주공항맛집 #서귀포맛집 #산방산맛집 #신제주맛집 #제주시청맛집 #제주애월맛집 #월정리맛집 #제주여행 #제주핫플,"['#연동', '#모니카옛날통닭간판부터', '#제주맛집', '#제주도맛집', '#제주공항근처맛집', '#제주시맛집', '#애월맛집', '#중문맛집', '#제주공항맛집', '#서귀포맛집', '#산방산맛집', '#신제주맛집', '#제주시청맛집', '#제주애월맛집', '#월정리맛집', '#제주여행', '#제주핫플']",2021-08-19,"1,102",
"그 유명한 #연돈 에 다녀왔습니다. 그런데ㅎ;;;⠀⠀⠀⠀⠀⠀⠀어마무시한 웨이팅으로 찐맛집임을 입증하던 #제주도연돈 이최근 #테이블링 이라는 어플을 통해 예약이 가능해짐으로써극약의 예약 난이도를 자랑하는 먹켓팅맛집으로 거듭났는데요예약 경쟁이 거즘 전쟁급이지만 기꺼이 참전했고, 승리했습니다⠀⠀⠀⠀⠀⠀⠀주문한 메뉴는 등심까스(9,000원)와 치즈까스(10,000원)⭐️수제카레(3,000원)는 현장에서 별도로 추가 주문을 받는데ㄹㅇ 존맛이니까 고민하지 마시고 무조건 [1인 1카레] 하세오 !⠀⠀⠀⠀⠀⠀⠀(입장한 순서와 관계없이 예약 순서대로 서빙해 주시기 때문에더 늦게 들어온 팀이 음식을 먼저 받는 경우가 종종 있는데이에 대한 이해도가 낮아서인지 관련된 악평이 꽤 많더라구요)⠀⠀⠀⠀⠀⠀⠀이윽고 메뉴가 당도한 순간, 뭔가 잘못됐음을 직감했습니다🗿비계부분을 날리고 살코기만 썼다지만 한 눈에 봐도 넘 퍽퍽쓰분명 풍부한 육즙과 부드러운 식감이라고 적혀있었는데 말이죠그렇다고해서 잡내가 나거나하진 않았지만 특별함은 1도 없는;;;⠀⠀⠀⠀⠀⠀⠀더 심각한건 글루텐 함량이 적은+수제 빵가루인 것 까진 좋은데앞, 뒤로 바삭하다 못해 입천장이 까질 정도로 너무 거칠어서에라 모르겠다하고 먹었다가 다음날까지 고생을 했읍니다 ,,ㅎ네, 지금까지 도무지 이해할 수 없는 연돈 등심까스 후기였구요⠀⠀⠀⠀⠀⠀⠀지금의 골목식당을 있게한 장본인, 치돈은 역시나 존맛탱😇♥️#등심까스 와는 전혀 다른 컨디션의 음식이라 깜짝 놀랐습니당만원 한장으로 영접할 수 있는 최고의 치즈까스가 아닐까싶은,,,⠀⠀⠀⠀⠀⠀⠀수제카레 역시 백종원선생님께서 극찬하신 이유가 납득가는 맛양파 카라멜라이징을 어찌나 정성들여서 했는지 풍/미/작/렬1숟갈에 1감탄을 부르는 맛이라, 지나가는 사람 붙잡고 제발한 입만 먹어보라고 하고싶을 정도입니다ㅠ🥺 핵ㅠ존ㅠ맛ㅠ⠀⠀⠀⠀⠀⠀⠀연돈의 ‘ㅇ’라도 경험하고 싶은 분들을 위해 테이크아웃 전용인#수제볼카츠 라는 메뉴도 출시됐다고 하니 궁금하신 분들은매일 오후 8시에 테이블링 앱을 통해 예약에 도전해보세요🙏🏻⠀⠀⠀⠀⠀⠀⠀+) 다녀오신 분들의 리얼후기가 궁금합니다 제발 공유해 주세요⠀⠀⠀⠀⠀⠀⠀📍제주 서귀포시 일주서로 968-10(색달동  2156-2)☎️ 0507-1386-7060🕰 매일 12:00–21:00(B.T 16:00~18:00)/매주 월요일 휴무⠀⠀⠀⠀⠀⠀⠀#아토짱_제주 #제주도맛집 #제주맛집 #제주도가볼만한곳#서귀포맛집 #색달동맛집 #제주도핫플 #제주서귀포맛집#제주도맛집추천 #제주도돈까스 #제주도핫플 #제주도점심","['#연돈', '#제주도연돈', '#테이블링', '#등심까스', '#수제볼카츠', '#아토짱_제주', '#제주도맛집', '#제주맛집', '#제주도가볼만한곳', '#서귀포맛집', '#색달동맛집', '#제주도핫플', '#제주서귀포맛집', '#제주도맛집추천', '#제주도돈까스', '#제주도핫플', '#제주도점심']",2021-08-18,"4,559",연돈
광고)제주공항에서 진~짜가깝고 개별룸이 많아서 더 좋고맛있는 도민맛집으로유명한 '연동대게회타운'낮2시부터 ~ 라스트오더는 밤 12시까지개인룸에서 맘편하게 먹자!!🙊이야.. 살이 꽉 차있네소리가 절로나오는탱글 쫄깃한💦속살에⠀녹~찐한 내장까지증말 스릉흔다❤❤⠀밑반찬 구성도푸짐하니 다양하게즐길 수 있어 좋고!⠀살이꽉찬 대게&킹크랩 맛집👏⠀개별룸 형식으로걱정🙅 ♀없이 먹는'연동대게회타운'⠀<연동대게회타운>*제주 제주시 신대로 125*064-903-1889#제주맛집 #제주도맛집#제주공항근처맛집#제주골프 #제주도골프#제주여행 #제주도여행#제주 #제주도 #제주시맛집 #제주시 #제주도민맛집 #제주공항 #제주도공항,"['#제주맛집', '#제주도맛집', '#제주공항근처맛집', '#제주골프', '#제주도골프', '#제주여행', '#제주도여행', '#제주', '#제주도', '#제주시맛집', '#제주시', '#제주도민맛집', '#제주공항', '#제주도공항']",2021-08-18,0,
"_오늘의 블루보틀✨오픈시간 아주 조금 지나서 도착하니바로 입장하고 여유로움 :)블루보틀×우무가 협업한 커피푸딩과놀라플로트, 리에주 와플 주문.나올때 텀블러도 겟🤭",[],2021-08-18,"2,113",블루보틀 제주
이집 사장님의 인심이 엿보이는 한상이랄까요~ 2인상인데 정말 배 터질정도로 먹고 나왔어요🤣#제주예찬#제주도맛집 #제주맛집 #제주공항근처맛집 #제주시맛집 #제주도갈치조림 #제주예찬갈치조림 #제주갈치맛집 #제주갈치조림맛집 #제주도갈치조림맛집 #제주도갈치구이맛집 #제주도여행 #제주여행 #제주가볼만한곳 #제주도가볼만한곳,"['#제주예찬', '#제주도맛집', '#제주맛집', '#제주공항근처맛집', '#제주시맛집', '#제주도갈치조림', '#제주예찬갈치조림', '#제주갈치맛집', '#제주갈치조림맛집', '#제주도갈치조림맛집', '#제주도갈치구이맛집', '#제주도여행', '#제주여행', '#제주가볼만한곳', '#제주도가볼만한곳']",2021-08-19,저 좋아요를 눌러보세,
"반박불가 고퀄 흑돼지로 기름칠 마구하고 싶을땐⁉️도민들 추천 흑돼지, 서귀포 #청춘괴기 🍖입안 침샘 다터지는 맛스럽+두툼쓰 비쥬얼 예술👍엄선한 고기라 잡내1도 없고 육즙도 장난없지~딱새우 서비스에 제철 미나리도 #무제한‼️다양한 쌈채소 가득한 샐러드바도 역시 #무료!컵와인까지 곁들이면 크으~🍷🤤고기덕후라면 이렇게 좋은곳은 못참지~@@ㄱㄱ✅ 소주주문시 새싹삼 제공 / 예약시 음료수 서비스✅ 네이버 예약시 5%할인👏[청춘괴기본점]🔸서귀포시 김정문화로 41번길 24-5🔸매일 11:30 ~ 23:00🔸문의 064 739 2272[청춘괴기 서귀포점]🔸서귀포시 동홍동로 27 107호🔸매일 11:30 ~ 23:00🔸문의 064 732 3777...","['#청춘괴기', '#무제한‼️다양한', '#무료!컵와인까지']",2021-08-19,1,
"곱들락은 130년 전통의 영국 황실 소금인 말돈소금을 사용합니다. 말돈소금은 영국 말돈지역에서 나오는 소금으로 바닷물을 끓여만드는 자염입니다. 구운고기에 곁들이기 최적화된 명품소금을 맛보여드리고 싶은 곱들락의 마음입니다. ..오늘도 그마음을 전하기위해 최선을 다하겠습니다~~(매일 낮12시부터 늦은밤11시까지, 마지막주문10시)..#곱들락 #곱들락탁희 #제주흑돼지맛집 #제주맛집 #제주도민맛집#제주공항맛집 #제주도흑돼지 #제주흑돼지#제주도맛집 #제주도흑돼지맛집 #함덕맛집 #제주공항근처맛집 #함덕흑돼지 #말돈소금","['#곱들락', '#곱들락탁희', '#제주흑돼지맛집', '#제주맛집', '#제주도민맛집', '#제주공항맛집', '#제주도흑돼지', '#제주흑돼지', '#제주도맛집', '#제주도흑돼지맛집', '#함덕맛집', '#제주공항근처맛집', '#함덕흑돼지', '#말돈소금']",2021-08-19,1,
"곱들락은 130년 전통의 영국 황실 소금인 말돈소금을 사용합니다. 말돈소금은 영국 말돈지역에서 나오는 소금으로 바닷물을 끓여만드는 자염입니다. 구운고기에 곁들이기 최적화된 명품소금을 맛보여드리고 싶은 곱들락의 마음입니다. ..오늘도 그마음을 전하기위해 최선을 다하겠습니다~~(매일 낮12시부터 늦은밤11시까지, 마지막주문10시)..#곱들락 #곱들락탁희 #제주흑돼지맛집 #제주맛집 #제주도민맛집#제주공항맛집 #제주도흑돼지 #제주흑돼지#제주도맛집 #제주도흑돼지맛집 #함덕맛집 #제주공항근처맛집 #함덕흑돼지 #말돈소금","['#곱들락', '#곱들락탁희', '#제주흑돼지맛집', '#제주맛집', '#제주도민맛집', '#제주공항맛집', '#제주도흑돼지', '#제주흑돼지', '#제주도맛집', '#제주도흑돼지맛집', '#함덕맛집', '#제주공항근처맛집', '#함덕흑돼지', '#말돈소금']",2021-08-19,1,
제주에서 난 재료로 신선하고 건강한 맛집 #제주분식주소:제주시 귀아랑길 23전화번호:064-726-2120....#제주공항근처맛집#제주연동맛집#제주여행#제주도민맛집#연동제주분식#제주맛집#제주도먹거리#제주시맛집#제주데이트#신제주맛집#제주맛집추천#애월해안도로,"['#제주분식주소:제주시', '#제주공항근처맛집', '#제주연동맛집', '#제주여행', '#제주도민맛집', '#연동제주분식', '#제주맛집', '#제주도먹거리', '#제주시맛집', '#제주데이트', '#신제주맛집', '#제주맛집추천', '#애월해안도로']",2021-08-19,저 좋아요를 눌러보세,제주도 Jeju Island
인근 중문관광단지 맛집 중에서 줄 서서 먹는 곳이더라고요.여기 사장님이 제주 앞바다에서 낚은 은갈치와 각종 해산물로 만든 세트는 진짜 강추#색달식당중문본점#제주도갈치구이#제주통갈치조림#제주맛집#제주중문맛집#중문맛집색달식당#서귀포맛집#제주도맛집#제주갈치조림#제주도통갈치조림#제주도갈치조림맛집,"['#색달식당중문본점', '#제주도갈치구이', '#제주통갈치조림', '#제주맛집', '#제주중문맛집', '#중문맛집색달식당', '#서귀포맛집', '#제주도맛집', '#제주갈치조림', '#제주도통갈치조림', '#제주도갈치조림맛집']",2021-08-19,1,제주도 서귀포 동홍동
Domaine Henri Gouges Nuits Saint Georges 1er cru Clos Des Porrets st georges 2007.뉘생조르주의 터줏대감 앙리 구주의 모노폴앙리 구주 특유의 벌키한 텍스처와 박하향🍃.#제주더스푼 #더스푼 #이탈리안 #제주맛집 #미슐랭 #와인 #와인스타그램 #내추럴와인 #チェジュグルメ#ミシュラン#ワイン#インスタ映え,"['#제주더스푼', '#더스푼', '#이탈리안', '#제주맛집', '#미슐랭', '#와인', '#와인스타그램', '#내추럴와인', '#チェジュグルメ', '#ミシュラン', '#ワイン', '#インスタ映え']",2021-08-19,1,더스푼_Cafe & Kitchen
⠀#제주여행6일차⠀#협재홀라인라운지에서 커피 한잔 하고애월쪽으로 넘어가고있는 도중 핑크벽돌집이 눈에 띄어 자세히 보니 수제버거집이었다.차를 돌려 들어갔는데 현지인맛집인듯?백년초새우크림파스타와 흑돈떡갈비버거를 주문했다.핑크빛 파스타가 특별한 느낌💟 맛있게 먹고 향한 #곽지해수욕장사람 많은곳을 피해 셀카놀이 😆이후 숙소 체크인 #제주아마빌레마지막 숙소로 이 곳을 택한 이유가 있다. 오션뷰도 좋지만 숙소와 같이 운영하는 술집이 있기 때문이다.숙소 옆 계단으로 내려가면 #이자카야달밤에 식사겸 술 한잔 할 곳❤ ⠀⠀#오늘아님주의 #나홀로여행 #제주여행 #제주맛집 #신스버거  #제주숙소추천,"['#제주여행6일차⠀', '#협재홀라인라운지에서', '#곽지해수욕장사람', '#제주아마빌레마지막', '#이자카야달밤에', '#오늘아님주의', '#나홀로여행', '#제주여행', '#제주맛집', '#신스버거', '#제주숙소추천']",2021-08-19,6,
"함덕해수욕장에서 차타고 1-2분거리 한번에 다섯가지를 먹을 수 있는 곳후식으로 우도땅콩아이스림까지 !!메뉴 : 안녕제주한상, 한라산을 품다, 뿔소라전복비빔밥, 뿔소라국수, 전복죽, 어린이한상위치 : 함덕 18길19영업시간 : 오전10시~오후7시20분함덕 맛집 안녕제주 많은 방문 부탁드립니다~ㅎㅎ#제주도 #제주도핫플 #제주맛집 #제주도맛집 #제주도현지인맛집 #제주현지인맛집 #제주현지인추천맛집 #함덕 #함덕맛집 #함덕해수욕장근처맛집 #함덕해변 #함덕해수욕장맛집 #함덕카페 #함덕소노벨리조트 #제주도여행 #제주도민맛집 #흑돼지 #우도땅콩아이스크림 #먹방 #함덕맛집탐방 #혼밥스타그램 #안녕제주 #함덕혼밥 #함덕해수욕장 #함덕현지인맛집 #함덕맛집추천 #제주함덕맛집 #함덕전복죽 #함덕어린이메뉴","['#제주도', '#제주도핫플', '#제주맛집', '#제주도맛집', '#제주도현지인맛집', '#제주현지인맛집', '#제주현지인추천맛집', '#함덕', '#함덕맛집', '#함덕해수욕장근처맛집', '#함덕해변', '#함덕해수욕장맛집', '#함덕카페', '#함덕소노벨리조트', '#제주도여행', '#제주도민맛집', '#흑돼지', '#우도땅콩아이스크림', '#먹방', '#함덕맛집탐방', '#혼밥스타그램', '#안녕제주', '#함덕혼밥', '#함덕해수욕장', '#함덕현지인맛집', '#함덕맛집추천', '#제주함덕맛집', '#함덕전복죽', '#함덕어린이메뉴']",2021-08-19,저 좋아요를 눌러보세,
"제주도를 대표하는 디저트 카페 ""섬타르""입니다!제주도의 멋진 뷰와 섬타르의 만남.★유정란을 사용하여 수제로 구워내고 있습니다★사장님이 오랜 연구 끝에 런칭한 제주산 수제 타르트 전문 브랜드 입니다★제주 공항에서 차로 10분거리★포토존이 있어서 고객분들이 거기서 꼭 촬영을 하고 가십니다상호명: 섬타르주소:제주 제주시 다랑곶1길 9연락처:064-744-4467주차유무: 가게앞 가게옆 뒷쪽에 공용주차장까지 있음#제주도카페 #제주카페 #제주공항근처카페 #제주시카페 #제주도선물 #제주선물 #제주도디저트 #제주디저트 #제주도여행 #제주여행 #제주도맛집#제주맛집 #제주공항카페 #제주도타르트 #제주타르트 #제주도 #제주#제주시맛집 #제주공항근처맛집 #제주도케이크","['#제주도카페', '#제주카페', '#제주공항근처카페', '#제주시카페', '#제주도선물', '#제주선물', '#제주도디저트', '#제주디저트', '#제주도여행', '#제주여행', '#제주도맛집', '#제주맛집', '#제주공항카페', '#제주도타르트', '#제주타르트', '#제주도', '#제주', '#제주시맛집', '#제주공항근처맛집', '#제주도케이크']",2021-08-19,저 좋아요를 눌러보세,
애월 로드129성게크림파스타흑돼지 멘치카츠흑돼지 치즈돈까스흑돼지 고구마치즈돈까스흑돼지 수제돈까스해물야끼소바재료소진시 조기마감전메뉴 포장가능#애월맛집#제주맛집#애월읍맛집#애월항맛집#제주애월점심#애월맛집추천#제주애월맛집#애월점심추천#애월밥집#제주현지인맛집#제주도민추천맛집#제주도현지인맛집#도민맛집#제주혼밥#제주시맛집#제주도맛집#금능맛집#한림맛집#협재맛집#협재해수욕장맛집#곽지해수욕장맛집#더럭분교맛집#애월해안도로#제주서쪽맛집#애월데이트코스#새별오름#애월카페#제주데이트코스,"['#애월맛집', '#제주맛집', '#애월읍맛집', '#애월항맛집', '#제주애월점심', '#애월맛집추천', '#제주애월맛집', '#애월점심추천', '#애월밥집', '#제주현지인맛집', '#제주도민추천맛집', '#제주도현지인맛집', '#도민맛집', '#제주혼밥', '#제주시맛집', '#제주도맛집', '#금능맛집', '#한림맛집', '#협재맛집', '#협재해수욕장맛집', '#곽지해수욕장맛집', '#더럭분교맛집', '#애월해안도로', '#제주서쪽맛집', '#애월데이트코스', '#새별오름', '#애월카페', '#제주데이트코스']",2021-08-19,저 좋아요를 눌러보세,
말고기 먹고싶어서 찾아본 맛집! 영주말가든!비주얼부터 극에 달한 것 같은데!역시나 맛있음!최고임 정말~!!!#영주말가든#제주맛집#제주도맛집#제주공항근처맛집#제주공항맛집#제주도말고기맛집 #먹부림 #먹스타그램 #맞팔하자 #제주공항고기 #먹방사진 #맞팔신청,"['#영주말가든', '#제주맛집', '#제주도맛집', '#제주공항근처맛집', '#제주공항맛집', '#제주도말고기맛집', '#먹부림', '#먹스타그램', '#맞팔하자', '#제주공항고기', '#먹방사진', '#맞팔신청']",2021-08-19,136,영주말가든
"2021.8.19#어깨동무오늘도 활짝 열려있습니다☺️📞 010-4417-8690🛵  단체주문, 포장, 배달🥘  즉석떡볶이, 김밥, 소풍도시락🏠  제주시 아란5길 8, 1층#제주#제주도#분식#제주여행#맛집#제주맛집#수제김밥#제주도시락#제주김밥#제주도민맛집#제주분식#아라동#아라동맛집#아라동김밥#배달#단체도시락#소풍도시락#피크닉도시락#제주대학병원맛집#제주떡볶이#제주김밥맛집#제주김밥단체#이벤트도시락#행사도시락#하객도시락#촬영도시락#떡볶이#김밥","['#어깨동무오늘도', '#제주', '#제주도', '#분식', '#제주여행', '#맛집', '#제주맛집', '#수제김밥', '#제주도시락', '#제주김밥', '#제주도민맛집', '#제주분식', '#아라동', '#아라동맛집', '#아라동김밥', '#배달', '#단체도시락', '#소풍도시락', '#피크닉도시락', '#제주대학병원맛집', '#제주떡볶이', '#제주김밥맛집', '#제주김밥단체', '#이벤트도시락', '#행사도시락', '#하객도시락', '#촬영도시락', '#떡볶이', '#김밥']",2021-08-19,1,
커플세트인데 양이 너무 많았다. 역시 #갈릭버터 는 실패없는 조합인듯😍............#먹스타그램 #맛스타그램 #맛집 #제주맛집 #서귀포맛집 #헬로우보일링크랩 #갈릭크랩 #갈릭랍스터 #갈릭새우 #맛집추천 #제주맛집추천,"['#갈릭버터', '#먹스타그램', '#맛스타그램', '#맛집', '#제주맛집', '#서귀포맛집', '#헬로우보일링크랩', '#갈릭크랩', '#갈릭랍스터', '#갈릭새우', '#맛집추천', '#제주맛집추천']",2021-08-19,5,
"안녕하세요^^ #벨라 입니다.오늘#제주날씨아직까진? 여름.당연히 여름.9월까지는 덥겠죠.#수제케이크#레터링케이크 마스크 잘 쓰시고, 거리두고좋은 여행 되세요.오늘도 즐거운 하루되세요.1.단호박빵 나오는 시간 - am10:002.케익나오는시간 - am12:00 (평일10개선착/예약우선/주말15개선착)3.식빵 나오는 시간 - am07:00#제주메리어트 #빵조식#서머셋제주신화월드#신화월드주변맛집 #제주맛집#소인국테마파크 #오설록 #영어교육도시 #안덕면빵집#신화월드브런치 #그대나의뮤즈#신화월드베이커리그럼 즐거운 #제주생활 되세요.#신화월드 #서머셋 안 #cu 옆오전 7시 오픈 저녁 10시 마감 눈이 오나 비가오나태풍이 지나가도 #연중무휴전화 064 792 1112","['#벨라', '#제주날씨아직까진?', '#수제케이크', '#레터링케이크', '#제주메리어트', '#빵조식', '#서머셋제주신화월드', '#신화월드주변맛집', '#제주맛집', '#소인국테마파크', '#오설록', '#영어교육도시', '#안덕면빵집', '#신화월드브런치', '#그대나의뮤즈', '#신화월드베이커리그럼', '#제주생활', '#신화월드', '#서머셋', '#cu', '#연중무휴전화']",2021-08-19,저 좋아요를 눌러보세,제주신화월드 Jeju Shinhwa World
젠틀하신 pt회원님의 뜻깊은선물감사합니다 🙏 보호대 @zerotohero.official21년남은개월 몽땅 할인이벤트도 많은 관심 부탁드립니다 🙏📬 제주시 노형11길25 3층☎️010 5190 0107#제주pt #제주시pt #제주피티 #노형pt #신제주pt #연동pt #제주웨딩 #제주맘 #신제주피티 #제주헬스 #노형헬스 #제주시헬스 #노형헬스장 #제주다이어트 #노형동pt #제주시다이어트 #제주맛집 #운동맛집 #제주개인pt #개인pt #피너클휘트니스 #피너클 #제주주짓수 #제주킥복싱 #제주요가 #제주플라잉요가 #노형필라테스 #제주바디프로필,"['#제주pt', '#제주시pt', '#제주피티', '#노형pt', '#신제주pt', '#연동pt', '#제주웨딩', '#제주맘', '#신제주피티', '#제주헬스', '#노형헬스', '#제주시헬스', '#노형헬스장', '#제주다이어트', '#노형동pt', '#제주시다이어트', '#제주맛집', '#운동맛집', '#제주개인pt', '#개인pt', '#피너클휘트니스', '#피너클', '#제주주짓수', '#제주킥복싱', '#제주요가', '#제주플라잉요가', '#노형필라테스', '#제주바디프로필']",2021-08-19,7,
제주시 왔었으니 먹부림… #대춘해장국 #국수마당 #해맑은말집 #논짓물식당 #제주도 #제주맛집 #제주시맛집 #고기국수 #내장탕 #말고기 #말고기사시미 #갈치조림,"['#대춘해장국', '#국수마당', '#해맑은말집', '#논짓물식당', '#제주도', '#제주맛집', '#제주시맛집', '#고기국수', '#내장탕', '#말고기', '#말고기사시미', '#갈치조림']",2021-08-19,3,Jeju
"함덕해수욕장에서 차타고 1-2분거리 한번에 다섯가지를 먹을 수 있는 곳후식으로 우도땅콩아이스림까지 !!메뉴 : 안녕제주한상, 한라산을 품다, 뿔소라전복비빔밥, 뿔소라국수, 전복죽, 어린이한상위치 : 함덕 18길19영업시간 : 오전10시~오후7시20분함덕 맛집 안녕제주 많은 방문 부탁드립니다~ㅎㅎ#제주도 #제주도핫플 #제주맛집 #제주도맛집 #제주도현지인맛집 #제주현지인맛집 #제주현지인추천맛집 #함덕 #함덕맛집 #함덕해수욕장근처맛집 #함덕해변 #함덕해수욕장맛집 #함덕카페 #함덕소노벨리조트 #제주도여행 #제주도민맛집 #흑돼지 #우도땅콩아이스크림 #먹방 #함덕맛집탐방 #혼밥스타그램 #안녕제주 #함덕혼밥 #함덕해수욕장 #함덕현지인맛집 #함덕맛집추천 #제주함덕맛집 #함덕전복죽 #함덕어린이메뉴","['#제주도', '#제주도핫플', '#제주맛집', '#제주도맛집', '#제주도현지인맛집', '#제주현지인맛집', '#제주현지인추천맛집', '#함덕', '#함덕맛집', '#함덕해수욕장근처맛집', '#함덕해변', '#함덕해수욕장맛집', '#함덕카페', '#함덕소노벨리조트', '#제주도여행', '#제주도민맛집', '#흑돼지', '#우도땅콩아이스크림', '#먹방', '#함덕맛집탐방', '#혼밥스타그램', '#안녕제주', '#함덕혼밥', '#함덕해수욕장', '#함덕현지인맛집', '#함덕맛집추천', '#제주함덕맛집', '#함덕전복죽', '#함덕어린이메뉴']",2021-08-19,저 좋아요를 눌러보세,
"목요일 5시 오픈👌🏻솔드아웃 되었던 우미유즈 재입고 되었습니다. 잔 술로 드시고 보틀로 쟁기는 마성의 유즈슈🙃 -제주도 거리두기 4단계 격상으로 2인까지만 입장이 가능합니다.-포장 고객이 많을 것으로 예상되요!와인, 하이볼, 모두 테이크아웃 가능하며와인 보틀 픽업 구매 시 금액 할인 혜택까지 있으니 참고해주세요:-)",[],2021-08-19,6,가가호호
"사인펜, 물감, 색연필 어떤것으로 색칠해도 좋아요! 자유롭게 채색하고 직접 조립해서 사용하는 제주 마스크걸이 체험 키트👍🏼 자석이 포함된 구성품으로 냉장고, 현관문 부착가능해요! 아이들 체험용으로 좋습니다☺️언제든 문의주세요🧡",[],2021-08-19,3,
성읍에서 점심 먹어요너무 맛난집 이네요#사는이야기 #제주 #제주살이 #제주맛집 #서귀포맛집 #성읍맛집 #사또야 #옥돔정식 #고사리 비빔밥 #맛보장 #강추👍 #맛조타 #또오쿠다,"['#사는이야기', '#제주', '#제주살이', '#제주맛집', '#서귀포맛집', '#성읍맛집', '#사또야', '#옥돔정식', '#고사리', '#맛보장', '#강추👍', '#맛조타', '#또오쿠다']",2021-08-19,4,
제주 연동 신시가지 양고기 숨은맛집😋 프렌치랙🥩 소고기보다 양고기 💕 가격도 고기품질도 괜찮👍 초밥위에 양고기랑 같이 먹으면 더 꿀맛👍 히융 넘마밋😭👍 몇일내내 고기만 먹네😂✅ 제주도 술자리문의 010-3975-3904 조은희실장💕✅ 제주도 모든유흥 ➡️ 은희실장 010-3975-3904💡24시간 상담가능💡☎️ 010-3975-3904 ☎️ 🔹 ️조은희실장☎️ 010-3975-3904 ☎️ 🔹 ️조은희실장..#제주맛집 #제주카페 #제주핫플레이스 #제주살이 #제주 #제주도 #노형맛집 #연동맛집 #연동술집 #노형술집 #제주술집 #제주도가볼만한곳 #제주도술집 #연동 #노형동 #제주도여행 #제주도맛집 #제주도룸 #제주여행 #제주핫플 #제주도가라오케 #제주도퍼블릭 #제주도유흥 #제주유흥 #제주퍼블릭 #제주도바 #제주도호빠 #제주도텐프로 #제주가라오케,"['#제주맛집', '#제주카페', '#제주핫플레이스', '#제주살이', '#제주', '#제주도', '#노형맛집', '#연동맛집', '#연동술집', '#노형술집', '#제주술집', '#제주도가볼만한곳', '#제주도술집', '#연동', '#노형동', '#제주도여행', '#제주도맛집', '#제주도룸', '#제주여행', '#제주핫플', '#제주도가라오케', '#제주도퍼블릭', '#제주도유흥', '#제주유흥', '#제주퍼블릭', '#제주도바', '#제주도호빠', '#제주도텐프로', '#제주가라오케']",2021-08-19,2,제주포램
파사삭하게 터지는 곤찰레🐽.#제주더스푼 #더스푼 #이탈리안 #제주맛집 #미슐랭 #와인 #와인스타그램 #내추럴와인 #チェジュグルメ#ミシュラン#インスタ映え,"['#제주더스푼', '#더스푼', '#이탈리안', '#제주맛집', '#미슐랭', '#와인', '#와인스타그램', '#내추럴와인', '#チェジュグルメ', '#ミシュラン', '#インスタ映え']",2021-08-19,3,더스푼_Cafe & Kitchen
.제주 핫플레이스 콧수염 카페 😊옥상 빈백 정원여심 저격 피크닉월정 바다가 한눈에 들어오는 야외 테라스바다 뷰와 편안한 빈백 소파까지 준비되어 있어요 ☕️🧺🐕제주시 구좌읍 해맞이해안로 406 카페콧수염070-4131-8880방문해주신 모든 분들께 감사드립니다예쁜 사진 남겨주셔서 감사합니다 🌷#서귀포카페 #월정리해수욕장 #제주도 #제주도여행 #월정리맛집 #월정리카페콧수염 #세화카페 #제주카페추천 #월정 #제주애견동반카페 #제주도카페 #제주애견동반 #제주도민맛집 #제주도맛집 #제주월정리 #제주도선물 #함덕해수욕장 #제주월정리카페 #제주도마카롱 #제주여행 #월정리 #성산카페 #제주맛집 #성산일출봉맛집 #월정리카페 #월정리콧수염 #제주 #제주시카페 #제주동쪽카페 #제주카페,"['#서귀포카페', '#월정리해수욕장', '#제주도', '#제주도여행', '#월정리맛집', '#월정리카페콧수염', '#세화카페', '#제주카페추천', '#월정', '#제주애견동반카페', '#제주도카페', '#제주애견동반', '#제주도민맛집', '#제주도맛집', '#제주월정리', '#제주도선물', '#함덕해수욕장', '#제주월정리카페', '#제주도마카롱', '#제주여행', '#월정리', '#성산카페', '#제주맛집', '#성산일출봉맛집', '#월정리카페', '#월정리콧수염', '#제주', '#제주시카페', '#제주동쪽카페', '#제주카페']",2021-08-19,저 좋아요를 눌러보세,
전복으로 우도 일정 마무리! 간장게장맛집임#제주맛집 #우도맛집 #소섬전복,"['#제주맛집', '#우도맛집', '#소섬전복']",2021-08-19,2,소섬전복
"💛로고 골지 탑(3color)Free (A-F컵 까지 가능) 블랙, 베이지, 카키 탄탄한 골지면 소재의 신축성 좋은 크롭탑입니다프리사이즈이지만 뒷끈조임으로 기장감 조절 가능!! 줄였다 늘렸다 A-F컵까지 피팅가능하세요:)볼륨패드로 보정효과도 좋구요 크롭기장감으로 몸매라인 더욱 이뻐보이며,정말 퀄리티도 좋고 가격까지 착해서 추천드립니다!♡‼️문의는 카톡플친 “르앙쥬”검색 & 상단 프로필 사이트클릭!‼️사이트에 없는상품도 카톡으로문의주세요‼️최저가판매!!http://le-ange.co.kr",[],2021-08-19,10,
"💛로고 끈나시 탑(4color)Free (44-55반) 블랙, 화이트, 그레이, 브라운 여리여리한 느낌에 끈나시 크롭탑입니다!!!얆은 어깨끈으로 단품이나 이너용으로 딱이에용가격까지 착해서 추천드립니다!♡55반까지 피팅가능한 사이즈입니다:)‼️문의는 카톡플친 “르앙쥬”검색 & 상단 프로필 사이트클릭!‼️사이트에 없는상품도 카톡으로문의주세요‼️최저가판매!!http://le-ange.co.kr",[],2021-08-19,5,
"💛로고 런닝 탑(3color)Free (A-F컵까지 가능) 블랙, 화이트, 베이지 땀흘리는 유산소 운동을해도 쾌적한 원사입니다. 프리사이즈이지만 패드가 부착되어 A-F컵까지 피팅가능하세요:)언더웨어,조깅,요가,필라테스,피트니스 스포츠 브라로 할때 굿 ~~~가격까지 착해서 추천드립니다!♡♡‼️문의는 카톡플친 “르앙쥬”검색 & 상단 프로필 사이트클릭!‼️사이트에 없는상품도 카톡으로문의주세요‼️최저가판매!!http://le-ange.co.kr",[],2021-08-19,6,
"#애월기록 @aewolgirok_cafe🗺 제주시 애월읍 번대동길 4⏰ 11:00 - 19:00📌 화요일 휴무⠀한 3주 전쯤 갔던 애월기록 !이 날 쿠키가 너무 땡겨서 추천 받았던 곳들 리스트보다가그리 멀지 않아서 바로 달려갔어요 ~ 🕺🏻🍪🍪⠀저는 마틸다초코, 에그타르트, 아아,휘낭시에 피칸강정, 카라멜 솔티 1개씩 주문하고,꾸덕쿠키 더블초코/라즈베리치즈/황치즈트리플 1개씩 주문했어요.⠀쫀맛 ! 애월기록 추천해주신 분들 감사해요 ⸝⸝⸝⸝◟̆◞̆♡일단 전 얼먹 쿠키 좋아하는데 얼려주셔서 좋았구요 ㅎㅎㅎ⠀휘낭시에도 빠작 쫀쫀하니 맛있었고, 쿠키도 꾸덕꾸덕하고, 필링도 알차더라구요 ㅠㅠㅠㅠ제 원픽은 황치즈 트리플 ! 휘낭시에도 맛있구요 !그래서 황치즈트리플이랑 피킨강정 휘낭시에 추가로 주문했어요.⠀이 날 너무 더워서 아아 순삭해버려서 리필 되나 여쭤보려는데사장님이 한 잔 더 갖다주셨어요. 빨리 드시는 거 보셨다고 >_<완조니 쎈쓰쟁이 ,, 너무 감사했습니다 ! 🙇🏻‍♀️🙇🏻‍♀️⠀집이랑 그리 멀지도 않고, 디저트들도 맛있고, 사장님 두 분도 친절하시고, 인테리어도 깔끔하니 좋아요 ! 종종 자주 방문할 것 같아요 ! 주말에도 다녀왔다는 ,, ʕ”̮ॽु️♡̷̷̷",['#애월기록'],2021-08-19,133,애월기록
"#협재시흥소곱창구이🗺 한림읍 한림로 331 (협재리)⏰ 16:00 - 24:00📌 일요일 휴무⠀지지난주 일요일 ! 기둥이가 갑자기 외식하고 싶대서( 막내는 아주 좋아 .. ? 외식 하고 싶다하면 외식 가고.나 이 날 약속도 있었는데 곱게 따라오래서 곱게 끌려감 🤦🏻‍♀️🤦🏻‍♀️ )⠀쨌든 협재에 소곱창 먹으러 다녀왔어요 ت저희는 세 명이 가서 모둠 대자에 공기밥이랑 같이 먹고,부족해서 대창 추가하고, 볶음밥 두 개 볶아 먹었어요 😇⠀지인이 아주 맛있다고 추천 받아서 간 곳 이었는데 평범했어요.아시는 분들은 아시겠지만 제가 곱창을 엄청 사랑하기에 .. 💖양념이 안 된 삼삼한 곱창이었는데 반찬들도 다 삼삼해서그 부분이 쪼굼 아쉬웠어요 ! 계속 반찬을 먹게 되는 ? ㅎㅎㅎ자극적이지 않고, 삼삼한 음식 좋아하시는 분들께 추천 ! (>̯-̮<̯)⠀그리고 사장님은 친절하셔서 좋았는데혼자서 테이블 케어를 다 하시기엔 벅차보이셨어요 ㅠㅠㅠ⠀전부 구워주신다고 하셔서 가만히 기다렸는데저희보다 늦게 온 테이블보고 염통을 드시라 하시길래저희도 염통 먹어도 되나요 ? 여쭤보니 당연하다는 듯이당연하죠 ! 저 테이블도 먹는데 !! 라고 하셔서 살짝 띠용 - 😵‍💫⠀그래서 다음 대창 추가했을 때 부터는 그냥제가 알아서 척척 구워먹었습니다 ㅋㅋㅋㅋㅋㅋ 🙋🏻‍♀️🙋🏻‍♀️",['#협재시흥소곱창구이🗺'],2021-08-19,el_no_1414님 외 133명이 좋아합니,제주 협재 해수욕장
"-genuine Leather jacket 권장사이즈: 남성:95-슬림100여성: 44-66가슴: 51어깨: 47총장: 54-빈티지 레더 자켓이요브라운 톤에 무드좋쥐요👍사이즈가 다소 저에겐 마이 작아 아쉽고요, 지퍼는 처음 닫을때 꾸욱 잘 닫지 않으면 벌어지기도 하니, 참고하시구요레더 자켓은 잠그지 않는데 뭐 룰 같은 것 이긴 한데 ㅋㅋ 그래도👍무튼 블랙 레더 외에 예쁜 다른 컬러의 레더를 원하시면 실은 여성분 강추고, 그만큼 슬림하신 분 추천요 👍-값: 79,000🏧구매문의는 디엠요 -#곳집 #곳집구매가능","['#곳집', '#곳집구매가능']",2021-08-19,2,제주곳집
광고) ✈️제주공항근처 #고기국수______________________________#국수마당 2000년도에 오픈하여21년째 만든 국수만 백만여 그릇 🍜 여기를 모르는 관광객은 있어도모르는 제주도민은 없다니까? ______________________________✔️ 제주특별자치도가 최종 선정한 고기국수 맛집✔️ 제주 향토음식 명인이 추천한 고기국수 맛집✔️ 택시기사가 알려주는 맛집✔️ TV방영 다수 ! ✔️ 많은 연예인 / 정치인 방문 !이정도는 되야 ‘원조’ 도민 맛집이지 ? 😉 ______________________________📍제주시 삼성로 65📍08:00 ~ 22:00 (브레이크 타임 없음) 📍064) 727 6001📍주차: @jeju_guksu_madang______________________________*Jeju Pork Noodle. English menu is available. #제주도민맛집 #제주공항근처맛집 #제주고기국수 #제주공항맛집 #제주시청맛집 #제주맛집 #jeju #jejufood #jejuisland #제주도고기국수 #고기국수,"['#고기국수______________________________', '#국수마당', '#제주도민맛집', '#제주공항근처맛집', '#제주고기국수', '#제주공항맛집', '#제주시청맛집', '#제주맛집', '#jeju', '#jejufood', '#jejuisland', '#제주도고기국수', '#고기국수']",2021-08-19,0,제주도 Jeju Island
"#유군초밥@yoo_sushi ꯁ 제주시 서광로32길 19 2층ꯁ 11:30 - 22:00 (B/T 15:00-17:00) 일요일휴무평일 점심 방문했는데오픈하자마자 전좌석 가득, 맛집인정내부도 넓고 깔끔&쾌적식전 샐러드부터 맛있기 시작해서크림짬뽕 너무너무너무 맛있음진짜 또 생각나는맛,,초밥도 두툼하고 신선하고튀김옷도 담백하니 맛있고시청까지 자주 나가지는 않지만두번 세번 방문할 의향 있어요....#제주맛집 #제주시청맛집","['#유군초밥@yoo_sushi', '#제주맛집', '#제주시청맛집']",2021-08-19,4,
"💛로고 바디 탑(3color)Free (44-66) 블랙, 화이트, 카멜 베이직한 디자인의 로고 브라탑입니다!면느낌의 소재로 편안하고부드러운 착용감이며프리사이즈이지만 뒷끈조임으로 기장감 조절 가능!! 줄였다 늘렸다 44-66까지 피팅가능하세요:)볼륨패드로 보정효과도 좋구요 이너웨어로 너무 편하고,가격까지 착해서 깔별 소장 추천드립니다!♡  볼륨캡내장, 캡탈부착가능‼️문의는 카톡플친 “르앙쥬”검색 & 상단 프로필 사이트클릭!‼️사이트에 없는상품도 카톡으로문의주세요‼️최저가판매!!http://le-ange.co.kr",[],2021-08-19,4,
Very Good👍🦋오랜만에시원한 빗소릴 들었어앞이 내다보이지 않을 정도의짧고 굵은 소낙비다시 햇살이 내리쬐고피아노 앞에 앉아끄적이던 곡을 완성해본다#오늘도2인분🤦#taifoods #loveit#태국음식 #제주맛집 #타무라#piano #lunchtime #제주살이 #제주사랑 #beautifulgarden #Balibutterfly #studio #pianoclass #onedaypianoclass #gardenparty #privateplace #제주도파티장소 #제주조천 #enjoylife #travelinglife #adventure #일상 #southkorea #jejuisland🏝,"['#오늘도2인분🤦', '#taifoods', '#loveit', '#태국음식', '#제주맛집', '#타무라', '#piano', '#lunchtime', '#제주살이', '#제주사랑', '#beautifulgarden', '#Balibutterfly', '#studio', '#pianoclass', '#onedaypianoclass', '#gardenparty', '#privateplace', '#제주도파티장소', '#제주조천', '#enjoylife', '#travelinglife', '#adventure', '#일상', '#southkorea', '#jejuisland🏝']",2021-08-19,2,
애월 로드129성게크림파스타흑돼지 멘치카츠흑돼지 치즈돈까스흑돼지 고구마치즈돈까스흑돼지 수제돈까스해물야끼소바재료소진시 조기마감전메뉴 포장가능#애월맛집#제주맛집#애월읍맛집#애월항맛집#제주애월점심#애월맛집추천#제주애월맛집#애월점심추천#애월밥집#제주현지인맛집#제주도민추천맛집#제주도현지인맛집#도민맛집#제주혼밥#제주시맛집#제주도맛집#금능맛집#한림맛집#협재맛집#협재해수욕장맛집#곽지해수욕장맛집#더럭분교맛집#애월해안도로#제주서쪽맛집#애월데이트코스#새별오름#애월카페,"['#애월맛집', '#제주맛집', '#애월읍맛집', '#애월항맛집', '#제주애월점심', '#애월맛집추천', '#제주애월맛집', '#애월점심추천', '#애월밥집', '#제주현지인맛집', '#제주도민추천맛집', '#제주도현지인맛집', '#도민맛집', '#제주혼밥', '#제주시맛집', '#제주도맛집', '#금능맛집', '#한림맛집', '#협재맛집', '#협재해수욕장맛집', '#곽지해수욕장맛집', '#더럭분교맛집', '#애월해안도로', '#제주서쪽맛집', '#애월데이트코스', '#새별오름', '#애월카페']",2021-08-19,저 좋아요를 눌러보세,
제주도에서만 즐길수있는 수제버거 관자스테이크버거 고단백 저칼로리 제주 버거요 미친선셋은 덤입니다,[],2021-08-19,0,
제주 인생밥집⠀⠀⠀⠀⠀⠀⠀⠀⠀⠀⠀⠀⠀⠀⠀⠀⠀🕚 OPEN - 11:00⠀⠀⠀⠀⠀⠀⠀⠀⠀⠀⠀⠀🕕 CLOSED - 17:00⠀⠀⠀⠀⠀⠀⠀⠀⠀⠀⠀⠀⠀⠀⠀⠀⠀브레이크타임 없어요.예약은 받지 않고 오시는 순서대로 식사가능 하세요.싱싱한 해물과 신선한 야채로 그날 준비한 재료가 소진되면 조기마감 합니다. ⠀⠀⠀⠀⠀⠀⠀⠀⠀⠀⠀⠀⠀⠀⠀⠀⠀⠀⠀⠀⠀⠀⠀⠀⠀⠀⠀⠀⠀⠀⠀⠀⠀⠀🥣전복해물볶음밥 / 전복물회 / 전복딱새우장 정식⠀⠀⠀⠀⠀⠀⠀⠀⠀⠀⠀⠀⠀⠀⠀⠀⠀사는게니나노 ~ ♬인생밥집010-6501-5073주소는 제주시 한림읍 문교길6 ..⠀⠀⠀⠀⠀⠀⠀⠀⠀⠀⠀⠀⠀⠀⠀⠀⠀🅿️ 무료 공영 주차장 위치!! .⠀⠀⠀⠀⠀⠀⠀⠀⠀⠀⠀⠀⠀⠀⠀⠀⠀🚗 제주시 한림읍 한림리 1197-4🚘 제주시 한림읍 한림리 1198-3🚙 제주시 한림읍 한림리 943-9.걸어서 2분이내 거리에요~♡♡#제주#제주도#jeju#제주살이#제주맛집#제주도맛집#한림맛집#애월맛집#대구#중문맛집#산방산맛집#월정리#신화월드맛집#제주신혼여행#협재해수욕장근처맛집#협재해변#금능해수욕장#좋아요#일상#일상스타그램#먹스타그램#맛스타그램 #전복장 #딱새우장#제주가족여행 #제주우정여행 #제주혼밥 #협재혼밥,"['#제주', '#제주도', '#jeju', '#제주살이', '#제주맛집', '#제주도맛집', '#한림맛집', '#애월맛집', '#대구', '#중문맛집', '#산방산맛집', '#월정리', '#신화월드맛집', '#제주신혼여행', '#협재해수욕장근처맛집', '#협재해변', '#금능해수욕장', '#좋아요', '#일상', '#일상스타그램', '#먹스타그램', '#맛스타그램', '#전복장', '#딱새우장', '#제주가족여행', '#제주우정여행', '#제주혼밥', '#협재혼밥']",2021-08-19,2,
19일 목요일 스우의 점심은자리가 꽉차서 마감 되었습니다.찾아주셔서 감사합니다. : )19일 목요일 저녁 예약 자리 여유있습니다 서둘러서 예약 주세요.,[],2021-08-19,5,
맛있다.#맞팔환영#소통그램#선팔환영#인스타홍보#좋아요반사#선팔로우#선팔하면맞팔#좋반#소통환영#좋반댓반#맞좋#좋아요테러#데일리그램#소통#일상그램#일상생활#먹스타그램#선팔#일상기록#인스타홍보업체#인스타광고#인스타광고대행#인기게시물#인기게시물노출#제주맛집#부산맛집,"['#맞팔환영', '#소통그램', '#선팔환영', '#인스타홍보', '#좋아요반사', '#선팔로우', '#선팔하면맞팔', '#좋반', '#소통환영', '#좋반댓반', '#맞좋', '#좋아요테러', '#데일리그램', '#소통', '#일상그램', '#일상생활', '#먹스타그램', '#선팔', '#일상기록', '#인스타홍보업체', '#인스타광고', '#인스타광고대행', '#인기게시물', '#인기게시물노출', '#제주맛집', '#부산맛집']",2021-08-19,25,South Korea
.여기 짱맛🤤청양고추 추가해서 먹었더니 더 맛있었던!!#제주 #제주도 #제주여행 #제주날씨 #제주daily #여행 #일상 #제주동부여행 #🌴 #바다 #🌊#제주맛집 #구좌읍맛집 #소금바치순이네 #돌문어볶음 #🐙,"['#제주', '#제주도', '#제주여행', '#제주날씨', '#제주daily', '#여행', '#일상', '#제주동부여행', '#🌴', '#바다', '#🌊', '#제주맛집', '#구좌읍맛집', '#소금바치순이네', '#돌문어볶음', '#🐙']",2021-08-19,3,소금바치 순이네
〰️,[],2021-08-19,10,우진해장국
출근🥺••••#제주시청미용실#제주머리잘하는미용실#제주케빈헤어살롱#제주케빈헤어살롱2호점#제주야간미용실#제주염색맛집#제주도민#제주여행#제주핫플#제주일상#제주맛집#제주시청#제주카페#인스타그램#맞팔#좋아요반사,"['#제주시청미용실', '#제주머리잘하는미용실', '#제주케빈헤어살롱', '#제주케빈헤어살롱2호점', '#제주야간미용실', '#제주염색맛집', '#제주도민', '#제주여행', '#제주핫플', '#제주일상', '#제주맛집', '#제주시청', '#제주카페', '#인스타그램', '#맞팔', '#좋아요반사']",2021-08-19,9,
음악이 빵빵~ 제주펍 픽미 좋습니다#픽미펍클럽#제주도클럽#제주클럽#월정리클럽#제주도술집#월정리술집#제주도술집#제주도펍#제주펍#월정리펍#월정리맛집#제주월정리맛집#제주도맛집#제주맛집#제주도술집픽미펍클럽,"['#픽미펍클럽', '#제주도클럽', '#제주클럽', '#월정리클럽', '#제주도술집', '#월정리술집', '#제주도술집', '#제주도펍', '#제주펍', '#월정리펍', '#월정리맛집', '#제주월정리맛집', '#제주도맛집', '#제주맛집', '#제주도술집픽미펍클럽']",2021-08-19,1,
(광고)정상 영업합니다제주 유일 해산물 모듬장 ♥애월제주다예약하고 꼭 드셔보세요~잊을 수 없는 맛을 선사합니다👍📍제주시 애월읍 하귀2리 2683📞010-3858-9321👉 @jejuaewol_jejuda ✅하루30인분 예약 판매.#애월맛집 #제주공항맛집 #제주공항근처맛집 #애월해안도로맛집 #협재맛집 #제주도맛집 #애월읍맛집 #제주맛집 #외도맛집 #애월카페 #제주카페,"['#애월맛집', '#제주공항맛집', '#제주공항근처맛집', '#애월해안도로맛집', '#협재맛집', '#제주도맛집', '#애월읍맛집', '#제주맛집', '#외도맛집', '#애월카페', '#제주카페']",2021-08-19,113,
가족끼리 또 오자고해서 왔는데 역시나 마음에 드네요. 갈치구이에 고소한 맛 잊지못하겠어요#서귀포맛집 #색달식당중문본점#서귀포통갈치조림#제주맛집#중문맛집#제주중문맛집#중문맛집색달식당/#제주도여행#제주갈치조림#제주도맛집#제주갈치조림맛집,"['#서귀포맛집', '#색달식당중문본점', '#서귀포통갈치조림', '#제주맛집', '#중문맛집', '#제주중문맛집', '#중문맛집색달식당/', '#제주도여행', '#제주갈치조림', '#제주도맛집', '#제주갈치조림맛집']",2021-08-19,저 좋아요를 눌러보세,
말 메렁😛,[],2021-08-19,40,Jeju
롱로드영업시간평일 11:00~16:00주말 11:00~20:00(재료소진시마감)주소: 제주도 제주시 한림읍 귀덕리4073(포장가능)연락처 : 064-796-4073..3세부터93세까지 드실수 있는 함박스테이크를 만들고 있습니다#롱로드#귀덕맛집#한림맛집#애월맛집#제주맛집#한담#곽지해수욕장#곽지과물해변 #협재#협재해수욕장#금능#이호테우해변#새별오름#제주도#제주#제주여행#jeju#아보카도#avocado#함박스테이크#제주가족여행#오설록#봄날#제주도여행#카멜리아힐 #애월해안도로 #제주공항맛집#중문관광단지 #금오름#산방산,"['#롱로드', '#귀덕맛집', '#한림맛집', '#애월맛집', '#제주맛집', '#한담', '#곽지해수욕장', '#곽지과물해변', '#협재', '#협재해수욕장', '#금능', '#이호테우해변', '#새별오름', '#제주도', '#제주', '#제주여행', '#jeju', '#아보카도', '#avocado', '#함박스테이크', '#제주가족여행', '#오설록', '#봄날', '#제주도여행', '#카멜리아힐', '#애월해안도로', '#제주공항맛집', '#중문관광단지', '#금오름', '#산방산']",2021-08-19,3,
롱로드영업시간평일 11:00~16:00주말 11:00~20:00(재료소진시마감)주소: 제주도 제주시 한림읍 귀덕리4073(포장가능)연락처 : 064-796-4073..3세부터93세까지 드실수 있는 함박스테이크를 만들고 있습니다#롱로드#귀덕맛집#한림맛집#애월맛집#제주맛집#한담#곽지해수욕장#곽지과물해변 #협재#협재해수욕장#금능#이호테우해변#새별오름#제주도#제주#제주여행#jeju#아보카도#avocado#함박스테이크#제주가족여행#오설록#봄날#제주도여행#카멜리아힐 #애월해안도로 #제주공항맛집#중문관광단지 #금오름#산방산,"['#롱로드', '#귀덕맛집', '#한림맛집', '#애월맛집', '#제주맛집', '#한담', '#곽지해수욕장', '#곽지과물해변', '#협재', '#협재해수욕장', '#금능', '#이호테우해변', '#새별오름', '#제주도', '#제주', '#제주여행', '#jeju', '#아보카도', '#avocado', '#함박스테이크', '#제주가족여행', '#오설록', '#봄날', '#제주도여행', '#카멜리아힐', '#애월해안도로', '#제주공항맛집', '#중문관광단지', '#금오름', '#산방산']",2021-08-19,1,
롱로드영업시간평일 11:00~16:00주말 11:00~20:00(재료소진시마감)주소: 제주도 제주시 한림읍 귀덕리4073(포장가능)연락처 : 064-796-4073..3세부터93세까지 드실수 있는 함박스테이크를 만들고 있습니다#롱로드#귀덕맛집#한림맛집#애월맛집#제주맛집#한담#곽지해수욕장#곽지과물해변 #협재#협재해수욕장#금능#이호테우해변#새별오름#제주도#제주#제주여행#jeju#아보카도#avocado#함박스테이크#제주가족여행#오설록#봄날#제주도여행#카멜리아힐 #애월해안도로 #제주공항맛집#중문관광단지 #금오름#산방산,"['#롱로드', '#귀덕맛집', '#한림맛집', '#애월맛집', '#제주맛집', '#한담', '#곽지해수욕장', '#곽지과물해변', '#협재', '#협재해수욕장', '#금능', '#이호테우해변', '#새별오름', '#제주도', '#제주', '#제주여행', '#jeju', '#아보카도', '#avocado', '#함박스테이크', '#제주가족여행', '#오설록', '#봄날', '#제주도여행', '#카멜리아힐', '#애월해안도로', '#제주공항맛집', '#중문관광단지', '#금오름', '#산방산']",2021-08-19,1,
"제주도 이색체험 카페☕️ 드로잉, 수채화, 에코백 그리기 체험할수있어요#에곤카페 는 오스트리아 화가 에곤쉴레가그림작업을 하던 작업실 컨셉 분위기에요카페 내부에서 느낌있는 소울 R&B 째즈음악 들으며 디저트, 커피,음료,맥주를 즐기며 마실수 있는 이색적인 공간입니다🕰하절기 영업시간 11:00~20:00매주 수요일 휴무입니다주소: 서귀포시 성산읍 신고로52-18..ㄷ#성산카페 #제주성산카페 #애월카페 #제주도카페추천 #제주카페추천 #협재카페 #제주여행추천 #제주가볼만한곳추천 #중문카페 #서귀포카페 #구좌읍카페 #함덕카페 #제주가볼만한곳 #세화카페 #종달리카페 #제주도가볼만한곳 #우도카페 #새별오름 #산방산 #제주맛집 #제주도맛집 #섭지코지 #광치기해변 #우도 #빛의벙커 #비자림 #제주신상카페 #제주도여행 #제주여행","['#에곤카페', '#성산카페', '#제주성산카페', '#애월카페', '#제주도카페추천', '#제주카페추천', '#협재카페', '#제주여행추천', '#제주가볼만한곳추천', '#중문카페', '#서귀포카페', '#구좌읍카페', '#함덕카페', '#제주가볼만한곳', '#세화카페', '#종달리카페', '#제주도가볼만한곳', '#우도카페', '#새별오름', '#산방산', '#제주맛집', '#제주도맛집', '#섭지코지', '#광치기해변', '#우도', '#빛의벙커', '#비자림', '#제주신상카페', '#제주도여행', '#제주여행']",2021-08-19,2,에곤카페
"제주도 이색체험 카페☕️ 드로잉, 수채화, 에코백 그리기 체험할수있어요#에곤카페 는 오스트리아 화가 에곤쉴레가그림작업을 하던 작업실 컨셉 분위기에요카페 내부에서 느낌있는 소울 R&B 째즈음악 들으며 디저트, 커피,음료,맥주를 즐기며 마실수 있는 이색적인 공간입니다🕰하절기 영업시간 11:00~20:00매주 수요일 휴무입니다주소: 서귀포시 성산읍 신고로52-18..ㄷ#성산카페 #제주성산카페 #애월카페 #제주도카페추천 #제주카페추천 #협재카페 #제주여행추천 #제주가볼만한곳추천 #중문카페 #서귀포카페 #구좌읍카페 #함덕카페 #제주가볼만한곳 #세화카페 #종달리카페 #제주도가볼만한곳 #우도카페 #새별오름 #산방산 #제주맛집 #제주도맛집 #섭지코지 #광치기해변 #우도 #빛의벙커 #비자림 #제주신상카페 #제주도여행 #제주여행","['#에곤카페', '#성산카페', '#제주성산카페', '#애월카페', '#제주도카페추천', '#제주카페추천', '#협재카페', '#제주여행추천', '#제주가볼만한곳추천', '#중문카페', '#서귀포카페', '#구좌읍카페', '#함덕카페', '#제주가볼만한곳', '#세화카페', '#종달리카페', '#제주도가볼만한곳', '#우도카페', '#새별오름', '#산방산', '#제주맛집', '#제주도맛집', '#섭지코지', '#광치기해변', '#우도', '#빛의벙커', '#비자림', '#제주신상카페', '#제주도여행', '#제주여행']",2021-08-19,저 좋아요를 눌러보세,에곤카페
"사진 한 장 때문에 유명해진 소천지.아직까지도 잘 다듬어진 관광지는 아니지만 한 번쯤은 꼭 들려야할 곳.날카로운 바위들로 이루어져 있어서 사진 촬영 핫스팟 자리를 오고 갈 때에는 정말 정말 조심해야 함. 소천지 갔던 날 운동화 밑창, 옆테두리 다 까짐~ㅋ#소천지 #제주4월여행그램 #딸과함께 #딸과제주여행 #딸과여행 #딸과아빠 #제주도 #제주여행 #제주가볼만한곳 #제주핫플레이스 #제주맛집 #제주카페","['#소천지', '#제주4월여행그램', '#딸과함께', '#딸과제주여행', '#딸과여행', '#딸과아빠', '#제주도', '#제주여행', '#제주가볼만한곳', '#제주핫플레이스', '#제주맛집', '#제주카페']",2021-08-19,4,소천지
"제주도 이색체험 카페☕️ 드로잉, 수채화, 에코백 그리기 체험할수있어요#에곤카페 는 오스트리아 화가 에곤쉴레가그림작업을 하던 작업실 컨셉 분위기에요카페 내부에서 느낌있는 소울 R&B 째즈음악 들으며 디저트, 커피,음료,맥주를 즐기며 마실수 있는 이색적인 공간입니다🕰하절기 영업시간 11:00~20:00매주 수요일 휴무입니다주소: 서귀포시 성산읍 신고로52-18..ㄷ#성산카페 #제주성산카페 #애월카페 #제주도카페추천 #제주카페추천 #협재카페 #제주여행추천 #제주가볼만한곳추천 #중문카페 #서귀포카페 #구좌읍카페 #함덕카페 #제주가볼만한곳 #세화카페 #종달리카페 #제주도가볼만한곳 #우도카페 #새별오름 #산방산 #제주맛집 #제주도맛집 #섭지코지 #광치기해변 #우도 #빛의벙커 #비자림 #제주신상카페 #제주도여행 #제주여행","['#에곤카페', '#성산카페', '#제주성산카페', '#애월카페', '#제주도카페추천', '#제주카페추천', '#협재카페', '#제주여행추천', '#제주가볼만한곳추천', '#중문카페', '#서귀포카페', '#구좌읍카페', '#함덕카페', '#제주가볼만한곳', '#세화카페', '#종달리카페', '#제주도가볼만한곳', '#우도카페', '#새별오름', '#산방산', '#제주맛집', '#제주도맛집', '#섭지코지', '#광치기해변', '#우도', '#빛의벙커', '#비자림', '#제주신상카페', '#제주도여행', '#제주여행']",2021-08-19,저 좋아요를 눌러보세,에곤카페
내가 넘 좋아라 하는 곳!!제주가면 꼭 들리는 곳!!흑돼지구이에 돔베고기까지 먹으니이건 반칙이쥐...다이어트는 진짜 낼부터...#남매네흑돼지 #제주흑돼지 #올레시장 #올레시장맛집#서귀포흑돼지맛집 #제주흑돼지맛집 #서귀포올레시장맛집 #제주맛집 #서귀포맛집 #먹스타그램 #먹팔#제주도술집 #서귀포술집핫플 #먹방데이트 #제주핫플레이스 #맞팔해요우리 #제주데이트장소 #올레시장데이트코스 #맞팔러 #먹방투어 #맞팔하면선팔,"['#남매네흑돼지', '#제주흑돼지', '#올레시장', '#올레시장맛집', '#서귀포흑돼지맛집', '#제주흑돼지맛집', '#서귀포올레시장맛집', '#제주맛집', '#서귀포맛집', '#먹스타그램', '#먹팔', '#제주도술집', '#서귀포술집핫플', '#먹방데이트', '#제주핫플레이스', '#맞팔해요우리', '#제주데이트장소', '#올레시장데이트코스', '#맞팔러', '#먹방투어', '#맞팔하면선팔']",2021-08-19,146,
리필되는 차량용 방향제예요~ #수목원테마파크🎋🏡 #기념품샵🎁 #아이스뮤지엄#플레이박스#제주VR체험#특별한제주#추억만들기#제주즐기기#제주도비올때 #제주실내관광지 #제주가족여행 #제주도비올때가볼만한곳 #제주비오는날 #쿠키만들기#vr체험#기념품 #제주제트 #수목원길야시장 #벧디 #진돼지 #본초족욕 #제주도아이와함께 #제주시가볼만한곳#제주맛집#제주인생샷 #맞팔 #맞팔해요 #선팔#좋아요반사 #팔로우반사,"['#수목원테마파크🎋🏡', '#기념품샵🎁', '#아이스뮤지엄', '#플레이박스', '#제주VR체험', '#특별한제주', '#추억만들기', '#제주즐기기', '#제주도비올때', '#제주실내관광지', '#제주가족여행', '#제주도비올때가볼만한곳', '#제주비오는날', '#쿠키만들기', '#vr체험', '#기념품', '#제주제트', '#수목원길야시장', '#벧디', '#진돼지', '#본초족욕', '#제주도아이와함께', '#제주시가볼만한곳', '#제주맛집', '#제주인생샷', '#맞팔', '#맞팔해요', '#선팔', '#좋아요반사', '#팔로우반사']",2021-08-19,12,수목원테마파크
#the시즈닝#한치먹물리조또Open 10:00~22:00,"['#the시즈닝', '#한치먹물리조또Open']",2021-08-19,90,제주 협재 해수욕장
애월 로드129성게크림파스타흑돼지 멘치카츠흑돼지 치즈돈까스흑돼지 고구마치즈돈까스흑돼지 수제돈까스해물야끼소바재료소진시 조기마감전메뉴 포장가능#애월맛집#제주맛집#애월읍맛집#애월항맛집#제주애월점심#애월맛집추천#제주애월맛집#애월점심추천#애월밥집#제주현지인맛집#제주도민추천맛집#제주도현지인맛집#도민맛집#제주혼밥#제주시맛집#제주도맛집#금능맛집#한림맛집#협재맛집#협재해수욕장맛집#곽지해수욕장맛집#더럭분교맛집#애월해안도로#제주서쪽맛집#애월데이트코스#새별오름#애월카페#제주데이트코스,"['#애월맛집', '#제주맛집', '#애월읍맛집', '#애월항맛집', '#제주애월점심', '#애월맛집추천', '#제주애월맛집', '#애월점심추천', '#애월밥집', '#제주현지인맛집', '#제주도민추천맛집', '#제주도현지인맛집', '#도민맛집', '#제주혼밥', '#제주시맛집', '#제주도맛집', '#금능맛집', '#한림맛집', '#협재맛집', '#협재해수욕장맛집', '#곽지해수욕장맛집', '#더럭분교맛집', '#애월해안도로', '#제주서쪽맛집', '#애월데이트코스', '#새별오름', '#애월카페', '#제주데이트코스']",2021-08-19,저 좋아요를 눌러보세,
친구는 정말 오랜만에 만났는데도 어제 만난 것 같은 사람이 아닐까..고산리 맛집 투어시작.#빠른치킨 #12분치킨 #고산리맛집 #한경면맛집 #제주맛집 #제주도맛집 #튀김맛집 #문어가라아게 #찍어먹는치킨 #생맥주맛집 #제주살이 #제주한달살이 #제주한달살아보기 #5년차한달살이 #제주이민 #제주서쪽맛집 #제주서부맛집,"['#빠른치킨', '#12분치킨', '#고산리맛집', '#한경면맛집', '#제주맛집', '#제주도맛집', '#튀김맛집', '#문어가라아게', '#찍어먹는치킨', '#생맥주맛집', '#제주살이', '#제주한달살이', '#제주한달살아보기', '#5년차한달살이', '#제주이민', '#제주서쪽맛집', '#제주서부맛집']",2021-08-19,3,
"☀제주의 멋과 맛을 모두 즐기시고 싶다면➩✨제주여행의 후회없는 선택➀제주공항 근처 바닷가 바로 앞 풍경맛집➁해녀가 직접 채집하는제주보말, 제주돼지, 제주비트를 재료로 하는 건강맛집 [한라진칼국수]입니다.✅OPEN 9:00✅CLOSE 16:00✅매주 월요일 정기휴무✈제주시 테우해안로32☏TEL 064.711.8525#한라진칼국수 #제주맛집 #제주맛집추천 #제주도맛집 #제주도맛집추천 #제주공항맛집 #제주공항근처맛집 #보말칼국수 #보말칼국수맛집 #제주보말칼국수 #제주보말칼국수맛집 #돔베고기 #제주가족여행 #제주데이트 #제주점심 #제주도민맛집 #이호테우해변맛집 #애월맛집 #애월해안도로맛집 #제주오션뷰맛집 #함덕맛집 #성산일출봉맛집 #협재맛집 #곽지맛집 #한담맛집 #한림맛집 #제주도여행 #제주여행 #제주핫플 #제주아침식사","['#한라진칼국수', '#제주맛집', '#제주맛집추천', '#제주도맛집', '#제주도맛집추천', '#제주공항맛집', '#제주공항근처맛집', '#보말칼국수', '#보말칼국수맛집', '#제주보말칼국수', '#제주보말칼국수맛집', '#돔베고기', '#제주가족여행', '#제주데이트', '#제주점심', '#제주도민맛집', '#이호테우해변맛집', '#애월맛집', '#애월해안도로맛집', '#제주오션뷰맛집', '#함덕맛집', '#성산일출봉맛집', '#협재맛집', '#곽지맛집', '#한담맛집', '#한림맛집', '#제주도여행', '#제주여행', '#제주핫플', '#제주아침식사']",2021-08-19,2,
(광고) 제주 중문에 위치한 말고기 찐맛집 #신라원 💕소고기보다 더 부드럽고 담백한  제주도 말고기! 😎.맛본사람들은 모두다 반한다는 신라원 말고기요리🤎제주도왔음 말고기 맛봐야쥬??😁🙏.구성이좋은 코스요리는 기본!흑돼지와 와 옥돔정식까지 있어서골라먹는 재미가 쏠쏠 !🍗🍗🍗🤞🧡.서귀포에 단 두곳뿐인 제주도 인증 말고기 전문점 ❗❗고급진 맛 고급진 육질 제주에서 느껴볼사람 !!@@..신라원제주 서귀포시 색달동 2480-4매일 10:00-22:00(매주 월요일 정기휴무).#제주중문맛집#중문관광단지맛집#제주말고기#제주맛집#제주중문#좋반#좋아요반사#좋반맛팔댓글 #제주중문맛집,"['#신라원', '#제주중문맛집', '#중문관광단지맛집', '#제주말고기', '#제주맛집', '#제주중문', '#좋반', '#좋아요반사', '#좋반맛팔댓글', '#제주중문맛집']",2021-08-19,0,제주도 Jeju Island
광고)제주공항에서 진~짜가깝고 개별룸이 많아서 더 좋고맛있는 도민맛집으로유명한 '연동대게회타운'낮2시부터 ~ 라스트오더는 밤 12시까지개인룸에서 맘편하게 먹자!!🙊이야.. 살이 꽉 차있네소리가 절로나오는탱글 쫄깃한💦속살에⠀녹~찐한 내장까지증말 스릉흔다❤❤⠀밑반찬 구성도푸짐하니 다양하게즐길 수 있어 좋고!⠀살이꽉찬 대게&킹크랩 맛집👏⠀개별룸 형식으로걱정🙅 ♀없이 먹는'연동대게회타운'⠀<연동대게회타운>*제주 제주시 신대로 125*064-903-1889#제주맛집 #제주도맛집#제주공항근처맛집#제주골프 #제주도골프#제주여행 #제주도여행#제주 #제주도 #제주시맛집 #제주시 #제주도민맛집 #제주공항 #제주도공항,"['#제주맛집', '#제주도맛집', '#제주공항근처맛집', '#제주골프', '#제주도골프', '#제주여행', '#제주도여행', '#제주', '#제주도', '#제주시맛집', '#제주시', '#제주도민맛집', '#제주공항', '#제주도공항']",2021-08-19,0,
방이 너무 짜🧂.....#제주도#salt,"['#제주도', '#salt']",2021-08-19,26,(salt)
😍내가 햄버거를 비닐장갑까지 끼고 전투적으로 먹었다는건 햄버거 우주맛집 이라는거🍔🍔수제패티 퀄리티랑 숯불맛 미춋 재료 다 넘 신선하고소스 예술🥰---#제주맛집 #꿉자 #조천맛집 #존맛탱 #맛있어 #수제버거 #먹스타그램 #맛스타그램 #푸드스타그램 #햄버거 #햄버거맛집 #instafood #foodstagram #foodporn #burger #foodie #instadaily #제주여행 #여행스타그램 #summer #loveit #amazing #picoftheday #instamood #jejuisland #traveling #instatravel #travel #travelgram #jeju,"['#제주맛집', '#꿉자', '#조천맛집', '#존맛탱', '#맛있어', '#수제버거', '#먹스타그램', '#맛스타그램', '#푸드스타그램', '#햄버거', '#햄버거맛집', '#instafood', '#foodstagram', '#foodporn', '#burger', '#foodie', '#instadaily', '#제주여행', '#여행스타그램', '#summer', '#loveit', '#amazing', '#picoftheday', '#instamood', '#jejuisland', '#traveling', '#instatravel', '#travel', '#travelgram', '#jeju']",2021-08-19,9,꿉자제주점
#애월맛집제주대박이네 #애월회센타#애월해안도로맛집#애월흑돼지#애월가성비맛집#제주대박이네#제주맛집#제주회맛집#제주제철회#제주흑돼지#제주가성비맛집#제주노을#제주서쪽맛집#일주서로7053,"['#애월맛집제주대박이네', '#애월회센타', '#애월해안도로맛집', '#애월흑돼지', '#애월가성비맛집', '#제주대박이네', '#제주맛집', '#제주회맛집', '#제주제철회', '#제주흑돼지', '#제주가성비맛집', '#제주노을', '#제주서쪽맛집', '#일주서로7053']",2021-08-19,0,제주 흑돼지 맛집 대박이네
애월 로드129성게크림파스타흑돼지 멘치카츠흑돼지 치즈돈까스흑돼지 고구마치즈돈까스흑돼지 수제돈까스해물야끼소바재료소진시 조기마감전메뉴 포장가능#애월맛집#제주맛집#애월읍맛집#애월항맛집#제주애월점심#애월맛집추천#제주애월맛집#애월점심추천#애월밥집#제주현지인맛집#제주도민추천맛집#제주도현지인맛집#도민맛집#제주혼밥#제주시맛집#제주도맛집#제주도민맛집#금능맛집#한림맛집#협재맛집#협재해수욕장맛집#곽지해수욕장맛집#더럭분교맛집#애월해안도로#제주서쪽맛집#애월데이트코스#새별오름#애월카페#제주데이트코스,"['#애월맛집', '#제주맛집', '#애월읍맛집', '#애월항맛집', '#제주애월점심', '#애월맛집추천', '#제주애월맛집', '#애월점심추천', '#애월밥집', '#제주현지인맛집', '#제주도민추천맛집', '#제주도현지인맛집', '#도민맛집', '#제주혼밥', '#제주시맛집', '#제주도맛집', '#제주도민맛집', '#금능맛집', '#한림맛집', '#협재맛집', '#협재해수욕장맛집', '#곽지해수욕장맛집', '#더럭분교맛집', '#애월해안도로', '#제주서쪽맛집', '#애월데이트코스', '#새별오름', '#애월카페', '#제주데이트코스']",2021-08-19,저 좋아요를 눌러보세,
"(광고)지만 도민들도 즐겨찾고 너무나 유명한 고등어회맛집 ""원담""살아있는 고등어는 비릴수가없다!🐟신선도 끝판왕 원담 고등어회!👍탱글탱글한 식감과 일반횟감에선느낄수없는 고소함까지 완벽!😍김 위에 밥과,야채를 올리고 전용소스에 고등어를 푹찍어서~❣함께 싸먹으면 감칠맛 폭발하는별미중에 별미💕💕❤원담📕제주 제주시 동광로1길 13📞064-900-0211#제주맛집 #제주도맛집#제주시청맛집#동문시장맛집 #제주회포장#제주시횟집#제주탑동맛집 #제주용두암맛집#제주칼호텔맛집 #무지개해안도로#제주도고등어회#제주도고등어회맛집#제주고등어회#제주고등어회맛집","['#제주맛집', '#제주도맛집', '#제주시청맛집', '#동문시장맛집', '#제주회포장', '#제주시횟집', '#제주탑동맛집', '#제주용두암맛집', '#제주칼호텔맛집', '#무지개해안도로', '#제주도고등어회', '#제주도고등어회맛집', '#제주고등어회', '#제주고등어회맛집']",2021-08-19,저 좋아요를 눌러보세,
공항으로 가기전 온메밀 잊지못해 다시 찾은 메일밭에가시리♡낭군님 온메밀에 국수 추가하시고도 모자르...?이사님이 가기전에 떡갈비도 먹어보라며 추가로 시켜주시고...배가 터질 것 같;;또오겠다는 낭군님. 역시나 오늘도 대만족하심#제주맛집 #표선맛집 #가시리맛집 #메밀맛집#메밀밭에가시리 @memilbategasiri #또올께요 #맛있게냠냠 #배둥둥,"['#제주맛집', '#표선맛집', '#가시리맛집', '#메밀맛집', '#메밀밭에가시리', '#또올께요', '#맛있게냠냠', '#배둥둥']",2021-08-19,1,
카라바오 망고라고 기네스 북에올라간 최고 맛있는 망고~~!!인생망고 맛집 드디어 찾았네🤭하와이풍의 인테리어로 해외에와있는 기분 물씬나는 곳🌴☆ 제주시 한경면 녹차분재로 354 (할로비치)#제주카페 #제주도카페 #제주도맛집 #제주맛집 #제주카페추천 #제주도카페추천 #제주도맛집추천 #제주맛집추천 #제주망고맛집 #인생망고 #망고추천,"['#제주카페', '#제주도카페', '#제주도맛집', '#제주맛집', '#제주카페추천', '#제주도카페추천', '#제주도맛집추천', '#제주맛집추천', '#제주망고맛집', '#인생망고', '#망고추천']",2021-08-19,2,할로비치
⠀⠀⠀⠀ˏ 𓏧 𓏲 𓏲 𓏲 𓋒 𓏲 𓏲 𓏲 𓏲 𓏧 ˎ⠀𝙋𝙧𝙚𝙢𝙞𝙪𝙢 𝙦𝙪𝙖𝙡𝙞𝙩𝙮𝙍𝙐𝘾𝙄𝙀𝙇𝙈𝘼𝙇𝙇🏷⠀⠀🍃 더 많은 상품은 상단 링크에카테고리별로 나뉘어져있습니다 :)⠀ˏ 𓏧 𓏲 𓏲 𓏲 𓋒 𓏲 𓏲 𓏲 𓏲 𓏧 ˎ⠀𝙠𝙖𝙠𝙖𝙤𝙩𝙖𝙡𝙠 ㅡ❥𝙗𝙞𝙗𝙞𝙮𝙖77⠀카톡 친추 또는 플필상단 링크로사진첨부 후 문의부탁드려요 ꈍᴗꈍ⠀⠀모든상품 색상별 사이즈별모두 구매가능합니다 🙆 ♀️피드에 없는 상품도 구매가능해용 ❥･•⠀⠀╔═══════ -ˋˏ *.·:·.⟐.·:·.* ˎˊ- ═══════╗⠀⠀❥･• DM / 댓글은 확인못합니다 ㅠㅠ❥･• 현금 / 카드결제 무이자 가능❥･• 1차 2차 철저한 검수진행필수!❥･• 검수사진 또는 검수영상 전달 후 출고❥･• 배송기간은 출고 후 2-3주 소요❥･• 수령할때까지 배송상시체크 후 안내❥･• 모든제품 풀박스 구성⠀⠀╚═══════ -ˋˏ *.·:·.⟐.·:·.* ˎˊ- ═══════╝⠀⠀⠀이미 한번 구매하신 언니들은소개도 많이 해주시공몇년째 쭉- 한결같이 이용중인언니들이 많은 루시엘몰이에요 'ڡ'४⠀⠀퀄리티는 당연히 인정이죠 ✌수령할때까지 딱!딱! 배송체크해주니깐안심하고 맘편히 받아보세용 ⑉♥⠀⠀정품퀄리티로 이젠 당당하게 사용하세요 'ڡ'४문의는 프로필 상단 링크로 문의주세욥⑉♥⠀⠀⠀⠀,[],2021-08-19,3,
애월 로드129성게크림파스타흑돼지 멘치카츠흑돼지 치즈돈까스흑돼지 고구마치즈돈까스흑돼지 수제돈까스해물야끼소바재료소진시 조기마감전메뉴 포장가능#애월맛집#제주맛집#애월읍맛집#애월항맛집#제주애월점심#애월맛집추천#제주애월맛집#애월점심추천#애월밥집#제주현지인맛집#제주도민추천맛집#제주도현지인맛집#도민맛집#제주혼밥#제주시맛집#제주도맛집#제주도민맛집#금능맛집#한림맛집#협재맛집#협재해수욕장맛집#곽지해수욕장맛집#더럭분교맛집#애월해안도로#제주서쪽맛집#애월데이트코스#새별오름#애월카페#제주데이트코스,"['#애월맛집', '#제주맛집', '#애월읍맛집', '#애월항맛집', '#제주애월점심', '#애월맛집추천', '#제주애월맛집', '#애월점심추천', '#애월밥집', '#제주현지인맛집', '#제주도민추천맛집', '#제주도현지인맛집', '#도민맛집', '#제주혼밥', '#제주시맛집', '#제주도맛집', '#제주도민맛집', '#금능맛집', '#한림맛집', '#협재맛집', '#협재해수욕장맛집', '#곽지해수욕장맛집', '#더럭분교맛집', '#애월해안도로', '#제주서쪽맛집', '#애월데이트코스', '#새별오름', '#애월카페', '#제주데이트코스']",2021-08-19,저 좋아요를 눌러보세,
뱅기 타기전에 꼭 한번씩 들려줘야하는 타르트 맛집 !!!!!공항근처라 랜트 반납하기전에 들려줘야징 ㅎㅎㅎ #제주도카페#제주도맛집 #제주핫플 #제주공항근처카페 #jeju#jejudo #제주타르트 #제주맛집 #제주카페#타르트맛집 #제주도여행 #제주공항카페 #섬타르#제주선물 #제주카페투어 #제주도카페추천 #제주도타르트#제주도카페맛집#제주섬타르왔어요#제주시카페#제주공항근처맛집#제주도여행#맛팔가요#맞팔해요#좋아요굿#댓글반사#맞팔은댓#댓글스타그램,"['#제주도카페', '#제주도맛집', '#제주핫플', '#제주공항근처카페', '#jeju', '#jejudo', '#제주타르트', '#제주맛집', '#제주카페', '#타르트맛집', '#제주도여행', '#제주공항카페', '#섬타르', '#제주선물', '#제주카페투어', '#제주도카페추천', '#제주도타르트', '#제주도카페맛집', '#제주섬타르왔어요', '#제주시카페', '#제주공항근처맛집', '#제주도여행', '#맛팔가요', '#맞팔해요', '#좋아요굿', '#댓글반사', '#맞팔은댓', '#댓글스타그램']",2021-08-19,3,
"8월19일 목요일 11:30 - 19;00문 열어둡니다. 👍-너무 늦은 인사를 드리내요 오픈부터 손님이 방문해주셔서 👏🏾잠시 오던 소나기는 지나가고햇살이 쨍쨍합니다. 코로나 4단계도 소나기처럼 곧 지나가겠죠모두들 힘내시고 오늘도 즐거운 하루요 👍👍-아 저희 곳집은 잠시 쉬었다 가셔도 되구요,다 뒤져보고 입어봐도 아무런 문제가 없습니다. 👍사고 싶은 걸 찾는 그 순간,””그게 제일 재밌는 순간이거든요 응원합니다. 🤟🏻-#곳집",['#곳집'],2021-08-19,5,제주곳집
(광고)춈맛탱 맛집으로 유명한공항 그때그집(직영점) 🤭가게 바로 앞 오션뷰 맛집에초벌 흑돼지+고사리+새우궁합 칭찬해~~ 👏👏내가 기대하는 흑돼지 맛비주얼까지 완벽!사장님 특제 생면 김치말이국수는 꼭 먹어봐야해!!🤙✅공항그때그집 직영점제주 제주시 서해안로 352-1064-749-9981#제주맛집#제주도흑돼지맛집#제주흑돼지맛집#제주흑돼지#제주도흑돼지#제주시흑돼지#제주맛집추천 #용담해안도로#용담해안도로맛집#용두암맛집#탑동맛집#무지개해안도로#도두봉#키세스존,"['#제주맛집', '#제주도흑돼지맛집', '#제주흑돼지맛집', '#제주흑돼지', '#제주도흑돼지', '#제주시흑돼지', '#제주맛집추천', '#용담해안도로', '#용담해안도로맛집', '#용두암맛집', '#탑동맛집', '#무지개해안도로', '#도두봉', '#키세스존']",2021-08-19,0,
.#아르떼뮤지엄 안갔으면 완전 후회할뻔했수요기서 몇시간을 있었는가 볼게 많아서 나갈수가 없었네 🤭 하나도 안지겨움 #제주가실분꼭가세횽.......#daily#데일리#일상#instadaily#jmt#foodstagram#데이트#데이트맛집#먹방#제주도#제주도여행#제주#제주맛집#제주카페#jeju#여행#travel#제주도태교여행#감성#맞팔#셀스타그램#instafood#럽스타그램#love#좋아요#like#먹스타그램,"['#아르떼뮤지엄', '#제주가실분꼭가세횽.......', '#daily', '#데일리', '#일상', '#instadaily', '#jmt', '#foodstagram', '#데이트', '#데이트맛집', '#먹방', '#제주도', '#제주도여행', '#제주', '#제주맛집', '#제주카페', '#jeju', '#여행', '#travel', '#제주도태교여행', '#감성', '#맞팔', '#셀스타그램', '#instafood', '#럽스타그램', '#love', '#좋아요', '#like', '#먹스타그램']",2021-08-19,11,
(광고) 지만 누가 봐도 너무 예쁜 달빛제주 자체 제작 무드등과 캔들은 사진보다 실제가 훨씬 예쁘다는게 함정🤭 소품샵을 겸한 카페여서 구경하는 재미까지!👍 맛난 제주 시그니처 음료와 애월바다 그리고 제주감성을 달빛제주에서 만나보세요😄.@dalbit_jeju <--달빛제주 인스타그램 바로가기.제주시 애월읍 애월해안로 929 (2층)010-2851-2214..#제주맛집#제주도맛집#제주카페#제주도카페#제주가볼만한곳#제주핫플레이스#한담해변#제주핫플카페#제주도핫플#제주선물#제주도선물#제주도소품샵,"['#제주맛집', '#제주도맛집', '#제주카페', '#제주도카페', '#제주가볼만한곳', '#제주핫플레이스', '#한담해변', '#제주핫플카페', '#제주도핫플', '#제주선물', '#제주도선물', '#제주도소품샵']",2021-08-19,1,
광고)제주공항에서 진~짜가깝고 개별룸이 많아서 더 좋고맛있는 도민맛집으로유명한 '연동대게회타운'낮2시부터 ~ 라스트오더는 밤 12시까지개인룸에서 맘편하게 먹자!!🙊이야.. 살이 꽉 차있네소리가 절로나오는탱글 쫄깃한💦속살에⠀녹~찐한 내장까지증말 스릉흔다❤❤⠀밑반찬 구성도푸짐하니 다양하게즐길 수 있어 좋고!⠀살이꽉찬 대게&킹크랩 맛집👏⠀개별룸 형식으로걱정🙅 ♀없이 먹는'연동대게회타운'⠀<연동대게회타운>*제주 제주시 신대로 125*064-903-1889#제주맛집 #제주도맛집#제주공항근처맛집#제주골프 #제주도골프#제주여행 #제주도여행#제주 #제주도 #제주시맛집 #제주시 #제주도민맛집 #제주공항 #제주도공항,"['#제주맛집', '#제주도맛집', '#제주공항근처맛집', '#제주골프', '#제주도골프', '#제주여행', '#제주도여행', '#제주', '#제주도', '#제주시맛집', '#제주시', '#제주도민맛집', '#제주공항', '#제주도공항']",2021-08-19,2,
.고집돌우럭🗿 ✔영업시간 10:00~20:40✔브레이크타임 15:10~16:00✔디너 주문마감 19:40🙏🏻대기가 길 경우 or 재료가 소진될 시 조기 마감될 수 있는 점 양해부탁드립니다.📢 모든 지점에서 포장판매 가능📢 함덕점 064-783-6060전화포장 주문 시 방문 시간을 말씀해주시면 빠른 픽업이 가능합니다!...#제주맛집 #함덕해수욕장맛집 #제주도물회 #조천맛집 #함덕해변 #제주도민추천맛집 #제주현지인맛집 #제주점심 #제주테이크아웃 #제주포장 #월정리맛집 #함덕맛집 #제주차박 #제주코로나,"['#제주맛집', '#함덕해수욕장맛집', '#제주도물회', '#조천맛집', '#함덕해변', '#제주도민추천맛집', '#제주현지인맛집', '#제주점심', '#제주테이크아웃', '#제주포장', '#월정리맛집', '#함덕맛집', '#제주차박', '#제주코로나']",2021-08-19,961,
오래된 제주 돌담 속 숨어 있는 작은 레스토랑👨‍🍳제주도 인싸들이👫 가장 먼저 다녀간 먹킷리스트 맛집🏝제주산 붉은 게 한 마리가 통째로 올라간 황게카레🦀🍛제주도 현지인들 추천 로컬푸드👍 고등어조림/구이단짠단짠 푸짐하고 맛있는 흑돼지 양념갈비덮밥을문쏘에서 모두 만날 수 있습니다👅#제주흑돼지맛집 미식림 100대 선정 맛집🍽여행자들의 성서 론리플래닛 선정 맛집🏷.AM10:30~PM20:20(마지막 주문 PM19:30)브레이크 타임❌ / 정기 휴무✖❌애견🐶 냥이🐱 동반 입장 가능10명 이상 단체여행객👨‍👦‍👦 저녁 예약 문의✔☎️064 - 901 - 7935.우무푸딩 골목 안으로 들어오세요한림읍 한림상로15-5대형주차장 있음.#애월맛집 #곽지맛집 #한림맛집 #협재맛집 #금능맛집 #제주맛집 #애월밥집 #한림밥집 #협재밥집 #금능밥집#제주애견동반 #제주애견동반식당#문쏘 #협재해수욕장맛집 #제주카레맛집 #제주카레 #제주이색맛집#여행에미치다_제주 #제주도민추천,"['#제주흑돼지맛집', '#애월맛집', '#곽지맛집', '#한림맛집', '#협재맛집', '#금능맛집', '#제주맛집', '#애월밥집', '#한림밥집', '#협재밥집', '#금능밥집', '#제주애견동반', '#제주애견동반식당', '#문쏘', '#협재해수욕장맛집', '#제주카레맛집', '#제주카레', '#제주이색맛집', '#여행에미치다_제주', '#제주도민추천']",2021-08-19,1,Jeju-do
제주 인생밥집⠀⠀⠀⠀⠀⠀⠀⠀⠀⠀⠀⠀⠀⠀⠀⠀⠀🕚 OPEN - 11:00⠀⠀⠀⠀⠀⠀⠀⠀⠀⠀⠀⠀🕕 CLOSED - 17:00⠀⠀⠀⠀⠀⠀⠀⠀⠀⠀⠀⠀⠀⠀⠀⠀⠀브레이크타임 없어요.⠀⠀⠀⠀⠀⠀⠀⠀⠀⠀⠀⠀⠀⠀⠀⠀⠀예약은 받지 않고 오시는 순서대로 식사가능 하세요.⠀⠀⠀⠀⠀⠀⠀⠀⠀⠀⠀⠀⠀⠀⠀⠀⠀싱싱한 해물과 신선한 야채로 그날 준비한 재료가 소진되면 조기마감 합니다. ⠀⠀⠀⠀⠀⠀⠀⠀⠀⠀⠀⠀⠀⠀⠀⠀⠀⠀⠀⠀⠀⠀⠀⠀⠀⠀⠀⠀⠀⠀⠀⠀⠀⠀🥣전복해물볶음밥 / 전복물회 / 전복딱새우장 정식⠀⠀⠀⠀⠀⠀⠀⠀⠀⠀⠀⠀⠀⠀⠀⠀⠀사는게니나노 ~ ♬인생밥집 010-6501-5073주소는 제주시 한림읍 문교길6 ..⠀⠀⠀⠀⠀⠀⠀⠀⠀⠀⠀⠀⠀⠀⠀⠀⠀🅿️ 무료 공영 주차장 위치!! .⠀⠀⠀⠀⠀⠀⠀⠀⠀⠀⠀⠀⠀⠀⠀⠀⠀🚗 제주시 한림읍 한림리 1197-4🚘 제주시 한림읍 한림리 1198-3🚙 제주시 한림읍 한림리 943-9.걸어서 2분이내 거리에요~♡♡#제주#제주도#jeju#제주살이#제주맛집#제주도맛집#한림맛집#애월맛집#대구#중문맛집#산방산맛집#월정리#신화월드맛집#제주신혼여행#협재해수욕장근처맛집#협재해변#금능해수욕장#좋아요#일상#일상스타그램#먹스타그램#맛스타그램 #전복장 #딱새우장#제주가족여행 #제주우정여행 #제주혼밥 #협재혼밥,"['#제주', '#제주도', '#jeju', '#제주살이', '#제주맛집', '#제주도맛집', '#한림맛집', '#애월맛집', '#대구', '#중문맛집', '#산방산맛집', '#월정리', '#신화월드맛집', '#제주신혼여행', '#협재해수욕장근처맛집', '#협재해변', '#금능해수욕장', '#좋아요', '#일상', '#일상스타그램', '#먹스타그램', '#맛스타그램', '#전복장', '#딱새우장', '#제주가족여행', '#제주우정여행', '#제주혼밥', '#협재혼밥']",2021-08-19,7,
"오직 제주에서만 맛볼 수 있는 황게카레🦀아시아의 미슐랭🍽 미식림⭐ 제주도 선정 맛집🏝오래된 제주 돌담 속에 숨어 있는 로컬 레스토랑단체여행객 환영👭👬 테이블 50석 완비들어오는 골목 앞 무료 주차장 있음🚗.문쏘 Moonsso🐙 한림읍 한림상로15-5AM 10:30 ~ PM 20:20(마지막 주문 19:30)Break time❌, 정기 휴무✖❌애견🐶 냥이🐱 동반 입장 가능☎️064 - 901 - 7935.흑돼지덮밥15.0 제주산 황게카레13.0고등어구이덮밥15.0 에그인헬20.0제주 필수먹킷리스트 1위 맛집👍#협재해수욕장 🚘 4분 거리우무푸딩 10초 바로 옆집.#애월맛집 #곽지맛집 #한림맛집 #협재맛집 #금능맛집 #제주맛집 #애월카페 #한림카페 #협재카페 #금능카페#제주애견동반 #제주애견동반식당#협재해수욕장맛집 #문쏘#제주카레맛집 #제주카레 #제주이색맛집 #제주도핫플레이스 #제주도민추천","['#협재해수욕장', '#애월맛집', '#곽지맛집', '#한림맛집', '#협재맛집', '#금능맛집', '#제주맛집', '#애월카페', '#한림카페', '#협재카페', '#금능카페', '#제주애견동반', '#제주애견동반식당', '#협재해수욕장맛집', '#문쏘', '#제주카레맛집', '#제주카레', '#제주이색맛집', '#제주도핫플레이스', '#제주도민추천']",2021-08-19,2,Jeju-do
.제주 핫플레이스 콧수염 카페 😊여심 저격 피크닉옥상 빈백 정원월정 바다가 한눈에 들어오는 야외 테라스바다 뷰와 편안한 빈백 소파까지 준비되어 있어요 ☕️🧺🐕제주시 구좌읍 해맞이해안로 406 카페콧수염070-4131-8880예쁜 사진 남겨주셔서 감사합니다 🌷방문해주신 모든 분들께 감사드립니다#제주월정리카페 #제주도맛집 #제주 #제주도카페 #제주카페투어 #월정리카페 #제주맛집 #제주도여행 #월정리해수욕장 #제주해안도로 #월정리콧수염 #월정리카페콧수염 #제주도마카롱 #구좌읍맛집 #구좌읍카페 #함덕카페 #월정리 #성산카페 #공항근처맛집 #구좌읍 #제주카페 #제주시카페 #제주월정리 #제주마카롱맛집 #제주여행 #월정리맛집 #제주도민맛집 #제주도 #성산일출봉맛집 #함덕맛집,"['#제주월정리카페', '#제주도맛집', '#제주', '#제주도카페', '#제주카페투어', '#월정리카페', '#제주맛집', '#제주도여행', '#월정리해수욕장', '#제주해안도로', '#월정리콧수염', '#월정리카페콧수염', '#제주도마카롱', '#구좌읍맛집', '#구좌읍카페', '#함덕카페', '#월정리', '#성산카페', '#공항근처맛집', '#구좌읍', '#제주카페', '#제주시카페', '#제주월정리', '#제주마카롱맛집', '#제주여행', '#월정리맛집', '#제주도민맛집', '#제주도', '#성산일출봉맛집', '#함덕맛집']",2021-08-19,3,
Open!,[],2021-08-19,24,커브커피스토어
제주도에서 가장 많이 팔리는 카레🍛제주산 황게 한 마리가 통째 올라간 황게카레🦀3일 숙성된 제주산 흑돼지를 불 위에 구워🔥뜨끈한 쌀밥🍚에 올려 먹는 양념갈비덮밥신선한 제주 로컬 재료들로 요리하는🏝제주 돌담 속 레스토랑 moonsso🐙#제주도카레 추천 1위 맛집🌟.AM10:30~PM20:20(마지막 주문 PM19:30)브레이크 타임❌ / 정기 휴무 ✖❌애견🐶 냥이🐱 동반 입장 환영☎️064 - 901 - 7935.우무푸딩 1분 앤트러사이트 카페 3분한림읍 한림상로15-5 골목 안🏮대형 무료 주차장 있습니다.#애월맛집 #곽지맛집 #한림맛집 #협재맛집 #금능맛집 #제주맛집 #애월술집 #한림술집 #협재술집 #금능술집#제주애견동반 #제주애견동반식당#협재해수욕장맛집 #문쏘 #제주카레맛집 #제주카레 #제주이색맛집 #제주도가볼만한곳 #제주도민추천,"['#제주도카레', '#애월맛집', '#곽지맛집', '#한림맛집', '#협재맛집', '#금능맛집', '#제주맛집', '#애월술집', '#한림술집', '#협재술집', '#금능술집', '#제주애견동반', '#제주애견동반식당', '#협재해수욕장맛집', '#문쏘', '#제주카레맛집', '#제주카레', '#제주이색맛집', '#제주도가볼만한곳', '#제주도민추천']",2021-08-19,2,Jeju-do
제주 이곳저곳🏝,[],2021-08-19,10,제주도 Jeju Island
"🍒< 할로비치 >인친님들 , 안녕하세요 비글맘이에여😊제주도는 관광지답게 참 카페가 많죠???ㅎㅎ진짜 한집 건너 한집이 카페일 정도로보기 쉽고 찾기 쉬운게 카페인것 같아요 요즘은 ㅎㅎ그런 제주도에 유명한 망고전문점이 있다해서요~#제주도카페 한곳 추천해드릴께요ㅎㅎ일단 망고는 진짜 한번도 안먹어본 사람은 있어도한번만 먹어본 사람은 없다쥬ㅋㅋㅋ일단 외관부터 넘나 하와이스러워요😍제가 신혼여행을 하와이로 갔다왔거든여 ㅎㅎ여긴 진짜 현지 하와이풍으로 꾸며져있다보니하와이에서 먹는 느낌이 들어서 더 좋았던것 같아요ㅎ거기다 특이하게 여기는 '카라바오망고'를 쓴대요ㅎ카라바오망고는 기네스북에 올라갈정도로당도도 높고 맛있는 최고 망고래요ㅎ카라바오로 만든 주스,아이스크림이 있는데둘다 진짜 달고 맛있어요! 근뎅 개인적으로 저는 아이스크림으로 먹을때 참 매력있었던것 같아요ㅎ그리고 매장에 동물 친구들이 많아서 아이들과 방문해 특별한 추억을 남겨줄수있는 곳이에요ㅎ연인들 데이트 코스 ,힐링 여행으로도 최고 !💙커피와 카페인섭취에 지친 분들 , 임산부분들은건강한 쥬스와 아이스크림드시고 힐링하시고 오시길🙋🏻‍♀️ 📣▪️할로비치▪️주소 : 제주시 한경면 녹차분재로 354..#제주카페 #제주도카페 #제주도맛집 #제주맛집 #제주카페추천 #제주도카페추천 #제주도맛집추천 #제주맛집추천 #망고카페추천 #제주망고카페 #제주할로비치","['#제주도카페', '#제주카페', '#제주도카페', '#제주도맛집', '#제주맛집', '#제주카페추천', '#제주도카페추천', '#제주도맛집추천', '#제주맛집추천', '#망고카페추천', '#제주망고카페', '#제주할로비치']",2021-08-19,1,
오늘 제주도 마지막날ㅠㅠ마지막 식사는 공항근처 #제주분식 에서 #제주현지인맛집#제주맛집#제주도맛집#제주공항맛집#연동맛집#연동제주분식#제주도공항근처맛집#제주도여행#제주가볼만한곳#노형동맛집,"['#제주분식', '#제주현지인맛집', '#제주맛집', '#제주도맛집', '#제주공항맛집', '#연동맛집', '#연동제주분식', '#제주도공항근처맛집', '#제주도여행', '#제주가볼만한곳', '#노형동맛집']",2021-08-19,저 좋아요를 눌러보세,
아직 콩국수에 눈 뜨지 못한 분!데려가고 싶댜..🤍#검은콩국수#제주콩국수#돈물국수#제주맛집,"['#검은콩국수', '#제주콩국수', '#돈물국수', '#제주맛집']",2021-08-19,5,돈물국수
.조식이 뇨끼라니..♥,[],2021-08-19,20,제주도 애월읍
도배 미앙.. 신나서..,[],2021-08-18,262,
#제주맛집#제주서귀포시맛집#뿔소라몽땅,"['#제주맛집', '#제주서귀포시맛집', '#뿔소라몽땅']",2021-08-19,저 좋아요를 눌러보세,
엄지 빼고 8손가락 연장하구 이달아트 💙,[],2021-08-19,74,
뭐 맛있는거 없을까?하다가그리 멀지 않은 곳내가 좋아하는 백종원씨가 개발한냉면 먹으러남편이랑 쓩~~웨이팅 한 시간^^성질급한 남편은 먼 음식을 기다려서까지 먹냐고궁시렁궁시렁~~암튼 있는 메뉴 몽땅시켜(몽땅이라야 세개ㅋ)그냥저냥 먹고 왔네요.개인의 취향이니맛 평가는 안하는걸로~~~#금악무짠지냉면#점심메뉴#제주맛집,"['#금악무짠지냉면', '#점심메뉴', '#제주맛집']",2021-08-19,12,
😊♥⠀⠀⠀⠀⠀⠀⠀⠀⠀⠀⠀⠀⠀⠀⠀⠀⠀⠀⠀⠀⠀⠀⠀⠀⠀⠀⠀⠀⠀⠀⠀#남포동맛집 #상다리부러짐 #맛집데이트 #제주맛집 #냠스타그램 #송도신도시맛집 #저녁상 #홍대맛집 #역삼역맛집 #청주맛집 #밥집 #건대맛집 #삼산맛집,"['#남포동맛집', '#상다리부러짐', '#맛집데이트', '#제주맛집', '#냠스타그램', '#송도신도시맛집', '#저녁상', '#홍대맛집', '#역삼역맛집', '#청주맛집', '#밥집', '#건대맛집', '#삼산맛집']",2021-08-19,저 좋아요를 눌러보세,
애월 로드129성게크림파스타흑돼지 멘치카츠흑돼지 치즈돈까스흑돼지 고구마치즈돈까스흑돼지 수제돈까스해물야끼소바재료소진시 조기마감전메뉴 포장가능#애월맛집#제주맛집#애월읍맛집#애월항맛집#제주애월점심#애월맛집추천#제주애월맛집#애월점심추천#애월밥집#제주현지인맛집#제주도민추천맛집#제주도현지인맛집#도민맛집#제주혼밥#제주시맛집#제주도맛집#제주도민맛집#금능맛집#한림맛집#협재맛집#협재해수욕장맛집#곽지해수욕장맛집#더럭분교맛집#애월해안도로#제주서쪽맛집#애월데이트코스#새별오름#애월카페#제주데이트코스,"['#애월맛집', '#제주맛집', '#애월읍맛집', '#애월항맛집', '#제주애월점심', '#애월맛집추천', '#제주애월맛집', '#애월점심추천', '#애월밥집', '#제주현지인맛집', '#제주도민추천맛집', '#제주도현지인맛집', '#도민맛집', '#제주혼밥', '#제주시맛집', '#제주도맛집', '#제주도민맛집', '#금능맛집', '#한림맛집', '#협재맛집', '#협재해수욕장맛집', '#곽지해수욕장맛집', '#더럭분교맛집', '#애월해안도로', '#제주서쪽맛집', '#애월데이트코스', '#새별오름', '#애월카페', '#제주데이트코스']",2021-08-19,저 좋아요를 눌러보세,
한잔.#맞팔환영#소통그램#선팔환영#인스타홍보#좋아요반사#선팔로우#선팔하면맞팔#좋반#소통환영#좋반댓반#맞좋#좋아요테러#데일리그램#소통#일상그램#일상생활#먹스타그램#선팔#일상기록#인스타홍보업체#인스타광고#인스타광고대행#인기게시물#인기게시물노출#제주맛집#부산맛집,"['#맞팔환영', '#소통그램', '#선팔환영', '#인스타홍보', '#좋아요반사', '#선팔로우', '#선팔하면맞팔', '#좋반', '#소통환영', '#좋반댓반', '#맞좋', '#좋아요테러', '#데일리그램', '#소통', '#일상그램', '#일상생활', '#먹스타그램', '#선팔', '#일상기록', '#인스타홍보업체', '#인스타광고', '#인스타광고대행', '#인기게시물', '#인기게시물노출', '#제주맛집', '#부산맛집']",2021-08-19,20,South Korea
냠..😏 미미정식세투✌말해뭐해 꿀맛👍 ...#오늘의미미#오늘의미미정식#제주맛집#제주여행#제주도여행#제주여행추천#제주명소#제주핫플#제주보름살기#제주한달살기#제주점심,"['#오늘의미미', '#오늘의미미정식', '#제주맛집', '#제주여행', '#제주도여행', '#제주여행추천', '#제주명소', '#제주핫플', '#제주보름살기', '#제주한달살기', '#제주점심']",2021-08-19,11,제주시 조천읍 선흘리
비오는날엔 떡볶이 드시러 오세요~☔......#연화키친#연화분식 #오징어치즈떡볶이 #떡볶이 #제주떡볶이 #애월떡볶이 #제주떡볶이맛집 #상추튀김 #애월튀김 #더럭분교 #더럭초등학교 #더럭분교맛집 #애월 #애월맛집 #제주 #제주맛집 #도민맛집 #제주도민맛집 #제주도 #제주여행 #한담해안산책로 #jeju #제주핫플레이스 #애월핫플레이스,"['#연화키친', '#연화분식', '#오징어치즈떡볶이', '#떡볶이', '#제주떡볶이', '#애월떡볶이', '#제주떡볶이맛집', '#상추튀김', '#애월튀김', '#더럭분교', '#더럭초등학교', '#더럭분교맛집', '#애월', '#애월맛집', '#제주', '#제주맛집', '#도민맛집', '#제주도민맛집', '#제주도', '#제주여행', '#한담해안산책로', '#jeju', '#제주핫플레이스', '#애월핫플레이스']",2021-08-19,10,
하귀하나로마트 소개하기 1탄!!!!!......#제주도#제주맛집#제주도여행#제주가볼만한곳#제주마트#제주마트추천#제주마트배달#더하귀샵#1522-3372#애월쇼핑#애월맛집#애월마트#애월마트추천#애월마트배달#애월가볼만한곳#하귀마트#하귀하나로#하귀하나로마트#하귀핫플#하귀가볼만한곳#하귀애월해안도로,"['#제주도', '#제주맛집', '#제주도여행', '#제주가볼만한곳', '#제주마트', '#제주마트추천', '#제주마트배달', '#더하귀샵', '#1522-3372', '#애월쇼핑', '#애월맛집', '#애월마트', '#애월마트추천', '#애월마트배달', '#애월가볼만한곳', '#하귀마트', '#하귀하나로', '#하귀하나로마트', '#하귀핫플', '#하귀가볼만한곳', '#하귀애월해안도로']",2021-08-19,1,
#청춘괴기아스파라거스랑 흑돼지랑 넘 잘어울리능데..조합 너무좋다 !!고기 육즙도 풍부하구 ㅎㅎㅎ 다 직접구워주셔서 먹기도 편했어용 '😘#서귀포맛집 #서귀포흑돼지맛집#서귀포신시가지맛집 #제주중문맛집#중문맛집 #서귀포흑돼지#제주흑돼지맛집 #제주도흑돼지맛집#중문흑돼지맛집 #중문흑돼지#서귀포맛집추천 #천지연폭포맛집#천제연폭포맛집 #청춘괴기본점#청춘괴기동홍점 #청춘괴기신시가지점#제주근고기 #돈마호크#제주맛집 #제주도맛집 #돈마호크맛집,"['#청춘괴기아스파라거스랑', '#서귀포맛집', '#서귀포흑돼지맛집', '#서귀포신시가지맛집', '#제주중문맛집', '#중문맛집', '#서귀포흑돼지', '#제주흑돼지맛집', '#제주도흑돼지맛집', '#중문흑돼지맛집', '#중문흑돼지', '#서귀포맛집추천', '#천지연폭포맛집', '#천제연폭포맛집', '#청춘괴기본점', '#청춘괴기동홍점', '#청춘괴기신시가지점', '#제주근고기', '#돈마호크', '#제주맛집', '#제주도맛집', '#돈마호크맛집']",2021-08-19,102,
ㅁr초밭🌱,[],2021-08-19,emin329님 외 13명이 좋아합니,오설록티뮤지엄
제주스러움 #청수미방 #제주도브런치 #제주맛집 #곶자왈맛집,"['#청수미방', '#제주도브런치', '#제주맛집', '#곶자왈맛집']",2021-08-19,저 좋아요를 눌러보세,
산방산과 제주도남쪽바다를 볼 수 있어요🐟자연산 #다금바리#돌돔 만날 수 있어요특별한 날 플렉스🤘...#제주도횟집#남경미락#제주뷰맛집#제주맛집,"['#다금바리', '#돌돔', '#제주도횟집', '#남경미락', '#제주뷰맛집', '#제주맛집']",2021-08-19,5,'남경미락'
월정리 유메이우동소고기우동 곱창우동 찐맛집!#제주맛집#제주도민맛집#제주도맛집#제주월정리맛집#월정리맛집#구좌맛집#제주성산맛집#제주살이#제주한달살기#제주구좌맛집#유메이우동#제주유메이우동#곱창우동#소고기우동#카레우동#데일리#금요일#제주여행#제주여행코스#애월맛집#함덕맛집#제주함덕맛집#제주애월맛집#한림맛집,"['#제주맛집', '#제주도민맛집', '#제주도맛집', '#제주월정리맛집', '#월정리맛집', '#구좌맛집', '#제주성산맛집', '#제주살이', '#제주한달살기', '#제주구좌맛집', '#유메이우동', '#제주유메이우동', '#곱창우동', '#소고기우동', '#카레우동', '#데일리', '#금요일', '#제주여행', '#제주여행코스', '#애월맛집', '#함덕맛집', '#제주함덕맛집', '#제주애월맛집', '#한림맛집']",2021-08-19,1,월정리해변
맛있다.#맞팔환영#소통그램#선팔환영#인스타홍보#좋아요반사#선팔로우#선팔하면맞팔#좋반#소통환영#좋반댓반#맞좋#좋아요테러#데일리그램#소통#일상그램#일상생활#먹스타그램#선팔#일상기록#인스타홍보업체#인스타광고#인스타광고대행#인기게시물#인기게시물노출#제주맛집#부산맛집,"['#맞팔환영', '#소통그램', '#선팔환영', '#인스타홍보', '#좋아요반사', '#선팔로우', '#선팔하면맞팔', '#좋반', '#소통환영', '#좋반댓반', '#맞좋', '#좋아요테러', '#데일리그램', '#소통', '#일상그램', '#일상생활', '#먹스타그램', '#선팔', '#일상기록', '#인스타홍보업체', '#인스타광고', '#인스타광고대행', '#인기게시물', '#인기게시물노출', '#제주맛집', '#부산맛집']",2021-08-19,13,South Korea
제주도 여행 맛집탐방 두번째 해물갈비찜~ 물어가 쪽~득하고 갈비는 육즙이 꽉~차가~마~ 끝내주내 여기는 소주 국룰이다~~ 캬~~#맛집탐방 #맛집스타그램 #맛집추천 #맛집#제주도 #제주핫플레이스 #제주맛집 #제주도여행 #옥만이네해물갈비찜 #범어맛집 #진로이즈백 #소주한잔,"['#맛집탐방', '#맛집스타그램', '#맛집추천', '#맛집', '#제주도', '#제주핫플레이스', '#제주맛집', '#제주도여행', '#옥만이네해물갈비찜', '#범어맛집', '#진로이즈백', '#소주한잔']",2021-08-19,4,
20210819 13:56 작은 #오름 만들기 프로젝트! 잘 되어주길바래요.  #제주도 #뷰맛집#제주향이네귤나라 ...#일상 #데일리 #daily #일상스타그램 #소통 #사진 #한식 #과일 #집밥 #photo #instafood #제주맛집 #먹방 #먹스타 #맛집 #한끼 #음식 #제주카페 #홈스타그램 #맛스타 #일상기록 #맛집투어 #lgtwins #집밥스타그램 #canonphotography #canon_photos,"['#오름', '#제주도', '#뷰맛집', '#제주향이네귤나라', '#일상', '#데일리', '#daily', '#일상스타그램', '#소통', '#사진', '#한식', '#과일', '#집밥', '#photo', '#instafood', '#제주맛집', '#먹방', '#먹스타', '#맛집', '#한끼', '#음식', '#제주카페', '#홈스타그램', '#맛스타', '#일상기록', '#맛집투어', '#lgtwins', '#집밥스타그램', '#canonphotography', '#canon_photos']",2021-08-19,36,제주향이네
✔️ 오픈 D-28/21(토) 카페 씨닉 드디어 오픈합니다💚scenic :경치가 좋은이라는 뜻을 따 씨닉이라고 정했습니다😊월정리에서 편안하게 오션뷰를 즐기실 수 있도록 열심히 준비중이니 많이 놀러와주세요!🌿🌱#제주카페#월정리카페#구좌읍카페#오션뷰카페#제주맛집#카페맛집#카페씨닉#,"['#제주카페', '#월정리카페', '#구좌읍카페', '#오션뷰카페', '#제주맛집', '#카페맛집', '#카페씨닉']",2021-08-19,4,해맞이해안도로 402
제주흑돼지를 가장맛나게 드실수있는곳!!고사리오겹살 꿀조합~#제주도민맛집#엄부랑...서귀포시 성산읍 신양로81064)783-277011:00-22:30...#제주성산맛집#성산맛집#성산일출봉맛집#섭지코지맛집#성산흑돼지#성산흑돼지맛집#성산일출봉흑돼지맛집#섭지코지흑돼지맛집#우도맛집#성산읍맛집#서귀포맛집#제주아쿠아플라넷맛집#성산일출봉#빛의벙커#제주휘닉스아일랜드맛집#제주맛집#제주흑돼지맛집#제주흑돼지#고사리흑돼지맛집#섭지코지#제주핫플레이스#스누피가든#섭지코지흑돼지 #제주성산카페#성산일출봉흑돼지,"['#제주도민맛집', '#엄부랑...서귀포시', '#제주성산맛집', '#성산맛집', '#성산일출봉맛집', '#섭지코지맛집', '#성산흑돼지', '#성산흑돼지맛집', '#성산일출봉흑돼지맛집', '#섭지코지흑돼지맛집', '#우도맛집', '#성산읍맛집', '#서귀포맛집', '#제주아쿠아플라넷맛집', '#성산일출봉', '#빛의벙커', '#제주휘닉스아일랜드맛집', '#제주맛집', '#제주흑돼지맛집', '#제주흑돼지', '#고사리흑돼지맛집', '#섭지코지', '#제주핫플레이스', '#스누피가든', '#섭지코지흑돼지', '#제주성산카페', '#성산일출봉흑돼지']",2021-08-19,108,
🥢회🤍#남또리횟집 #제주맛집#코스요리 #스폐셜a세트 #활어회 #다금바리 #광어 #황돔 #애월맛집#2021_바로여기_jeju,"['#남또리횟집', '#제주맛집', '#코스요리', '#스폐셜a세트', '#활어회', '#다금바리', '#광어', '#황돔', '#애월맛집', '#2021_바로여기_jeju']",2021-08-19,저 좋아요를 눌러보세,제주도 남또리
흠… 열심히 놀다 쓰다 왔으니까 열일하고 열운동하자 이제^^@gamvely 보고있제 대꾸해야지?,[],2021-08-19,18,제주도 Jeju Island
하도핑크에서 전복장필라프랑 아보카도매콤파스타먹음~전복장필라프는 딱 내스타일이있었고 아보카도매콤파스타는 내 입맛엔 좀 매웠음~그래도 맛났다는ㅎㅎ#맛집 #맛스타그램 #제주 #제주여행 #제주맛집 #하도리맛집 #세화맛집 #하도핑크,"['#맛집', '#맛스타그램', '#제주', '#제주여행', '#제주맛집', '#하도리맛집', '#세화맛집', '#하도핑크']",2021-08-19,1,하도핑크
#첫줄반사#제주#애월맛집#내돈내산#노티드도넛 ( @cafeknotted )하하하핳ㅎ 귀엽기만 한 곳...🥲🥲💟 노티드 우유크림/초코푸딩/바닐라/베리머치 3000~3500원노티드 도넛 저두 드디어🙌🏻🙌🏻다른 분들 후기보고 맛있을거라는 기대보다는그냥 한번쯤 가보고 싶어서 방문😖✨역시나 예상처럼 그냥 도넛맛^__^크림이런건 맛잇는데 빵피 그냥 무난무난..배불러서 그런지 전 입에 안들어가더라구요😝한입씩 맛보기만...ㅎㅎ그래서 남자칭구가 먹어줬답니다ᕕ( ᐛ )ᕗ오빠는 갠춘하다 그랬어욤🙌🏻이걸로서 나는 도넛과 맞지 않다는 것을다시 한번 느꼈어요🤗🧡제 취향이 아닌 것이지..맛이 없지는 않아요‼️그냥 무난 그자체〰️4가지 중에서는 전 우유생크림이랑 베리머치가 갠춘했어요!(사실 이것도 개인 취향이라..)2층에 카페두 기염뽀짝하게 꾸며져 잇우니드시고 가셔두 될 것 같더라구요💗그럼 이만 총총...#제주도여행#제주맛집#애월카페#제주도#제주여행#제주핫플#노티드#도넛맛집#먹스타맞팔#먹팔#먹스타소통#온더테이블#오늘뭐먹지#foodstagram#좋반#좋반환영,"['#첫줄반사', '#제주', '#애월맛집', '#내돈내산', '#노티드도넛', '#제주도여행', '#제주맛집', '#애월카페', '#제주도', '#제주여행', '#제주핫플', '#노티드', '#도넛맛집', '#먹스타맞팔', '#먹팔', '#먹스타소통', '#온더테이블', '#오늘뭐먹지', '#foodstagram', '#좋반', '#좋반환영']",2021-08-19,love8님 외 56명이 좋아합니,카페 노티드 제주 애월 - Cafe Knotted Jeju Aewol
😊😌😌⠀⠀⠀⠀⠀⠀⠀⠀⠀⠀⠀⠀⠀⠀⠀⠀⠀⠀⠀⠀⠀⠀⠀⠀⠀⠀⠀⠀⠀⠀⠀⠀⠀⠀⠀⠀⠀#점심상 #우도맛집 #아삭아삭 #반반치킨 #운동하는여자 #위꼴 #젊줌마 #피부관리 #친구스타그램 #바다 #제주맛집 #건대맛집 #연수구맛집 #수지맛집 #강남맛집 #냠냠냠,"['#점심상', '#우도맛집', '#아삭아삭', '#반반치킨', '#운동하는여자', '#위꼴', '#젊줌마', '#피부관리', '#친구스타그램', '#바다', '#제주맛집', '#건대맛집', '#연수구맛집', '#수지맛집', '#강남맛집', '#냠냠냠']",2021-08-19,2,
#로드129 제주산흑돼지❣멘치까스고구마치즈돈까스치즈돈까스성게크림파스타해물야끼소바✔재료소진시 영업종료✔몽상드애월 도보10분🏃‍♂️🌴전용주차장있음--#애월맛집#제주맛집#애월가볼만한곳#제주공항근처맛집#애월항#애월해안도로맛집#오설록#산방산#제주도맛집추천#제주여행#제주도여행#제주도#제주도카페#협재맛집#신창풍차해안도로#이호테우해변#셀피#금오름#곽지해수욕장맛집#제주공항맛집#우진해장국#카멜리아힐#애월 #road129 #협재해수욕장,"['#로드129', '#애월맛집', '#제주맛집', '#애월가볼만한곳', '#제주공항근처맛집', '#애월항', '#애월해안도로맛집', '#오설록', '#산방산', '#제주도맛집추천', '#제주여행', '#제주도여행', '#제주도', '#제주도카페', '#협재맛집', '#신창풍차해안도로', '#이호테우해변', '#셀피', '#금오름', '#곽지해수욕장맛집', '#제주공항맛집', '#우진해장국', '#카멜리아힐', '#애월', '#road129', '#협재해수욕장']",2021-08-19,4,환상의 섬 Jeju Island
탑동 근처 맛집 인데  여기 진짜 로컬 맛집임 ㅋㅋ  😆    #팔로우 #맞팔 #요술식탁 #팔로잉 #좋반 #제주데이트코스 #팔로우 #제주삼도동맛집 #맞좋아요 #제주레스토랑 #좋아요그램 #제주용담동 #어제 #제주공항근처맛집 #인친환영 #디파트먼트제주근처 #주말 #용두암 #댓글 #제주관덕정맛집 #데일리그램 #제주맛집 #선팔 #제주데이트 #좋튀,"['#팔로우', '#맞팔', '#요술식탁', '#팔로잉', '#좋반', '#제주데이트코스', '#팔로우', '#제주삼도동맛집', '#맞좋아요', '#제주레스토랑', '#좋아요그램', '#제주용담동', '#어제', '#제주공항근처맛집', '#인친환영', '#디파트먼트제주근처', '#주말', '#용두암', '#댓글', '#제주관덕정맛집', '#데일리그램', '#제주맛집', '#선팔', '#제주데이트', '#좋튀']",2021-08-19,6,
애월 로드129성게크림파스타흑돼지 멘치카츠흑돼지 치즈돈까스흑돼지 고구마치즈돈까스흑돼지 수제돈까스해물야끼소바재료소진시 조기마감전메뉴 포장가능#애월맛집#제주맛집#애월읍맛집#애월항맛집#제주애월점심#애월맛집추천#제주애월맛집#애월점심추천#애월밥집#제주현지인맛집#제주도민추천맛집#제주도현지인맛집#도민맛집#제주혼밥#제주시맛집#제주도맛집#제주도민맛집#금능맛집#한림맛집#협재맛집#협재해수욕장맛집#곽지해수욕장맛집#더럭분교맛집#애월해안도로#제주서쪽맛집#애월데이트코스#새별오름#애월카페#제주데이트코스,"['#애월맛집', '#제주맛집', '#애월읍맛집', '#애월항맛집', '#제주애월점심', '#애월맛집추천', '#제주애월맛집', '#애월점심추천', '#애월밥집', '#제주현지인맛집', '#제주도민추천맛집', '#제주도현지인맛집', '#도민맛집', '#제주혼밥', '#제주시맛집', '#제주도맛집', '#제주도민맛집', '#금능맛집', '#한림맛집', '#협재맛집', '#협재해수욕장맛집', '#곽지해수욕장맛집', '#더럭분교맛집', '#애월해안도로', '#제주서쪽맛집', '#애월데이트코스', '#새별오름', '#애월카페', '#제주데이트코스']",2021-08-19,1,
in a peace✨,[],2021-08-19,16,취다선 티하우스
"다시 들른, #명진전복여긴 못참지 🤤",['#명진전복여긴'],2021-08-19,0,명진전복
주렁주렁 꽃천지🌺,[],2021-08-19,41,서귀포
#제주걷는캠퍼📍#훈남횟집함덕 1년 살때는 못가보고서귀포 시가지 이사온뒤에 갔는데웨이팅까지하며 들어갔는데 맛집 인정#제주 #제주도 #제주살이 #제주도민#제주횟집 #제주맛집 #함덕맛집#제주여행 #제주스냅 #제주투어#제주가볼만한곳 #제주에미치다,"['#제주걷는캠퍼📍', '#훈남횟집함덕', '#제주', '#제주도', '#제주살이', '#제주도민', '#제주횟집', '#제주맛집', '#함덕맛집', '#제주여행', '#제주스냅', '#제주투어', '#제주가볼만한곳', '#제주에미치다']",2021-08-19,51,
.일찍부터 많은분들이 찾아주셨네요 🙇🏻‍♂️.혼자 만들고 판매하고 있어서 많이 만들지 못하고있어요😭.넓은 마음으로 이해부탁드리겠습니다 .내일 캔디 가득채워서 준비해보겠습니다. 오늘 찾아주셔서 진심으로 감사드립니다 ❤️.,[],2021-08-19,21,
애월 로드129성게크림파스타흑돼지 멘치카츠흑돼지 치즈돈까스흑돼지 고구마치즈돈까스흑돼지 수제돈까스해물야끼소바재료소진시 조기마감전메뉴 포장가능#애월맛집#제주맛집#애월읍맛집#애월항맛집#제주애월점심#애월맛집추천#제주애월맛집#애월점심추천#애월밥집#제주현지인맛집#제주도민추천맛집#제주도현지인맛집#도민맛집#제주혼밥#제주시맛집#제주도맛집#제주도민맛집#금능맛집#한림맛집#협재맛집#협재해수욕장맛집#곽지해수욕장맛집#더럭분교맛집#애월해안도로#제주서쪽맛집#애월데이트코스#새별오름#애월카페#제주데이트코스,"['#애월맛집', '#제주맛집', '#애월읍맛집', '#애월항맛집', '#제주애월점심', '#애월맛집추천', '#제주애월맛집', '#애월점심추천', '#애월밥집', '#제주현지인맛집', '#제주도민추천맛집', '#제주도현지인맛집', '#도민맛집', '#제주혼밥', '#제주시맛집', '#제주도맛집', '#제주도민맛집', '#금능맛집', '#한림맛집', '#협재맛집', '#협재해수욕장맛집', '#곽지해수욕장맛집', '#더럭분교맛집', '#애월해안도로', '#제주서쪽맛집', '#애월데이트코스', '#새별오름', '#애월카페', '#제주데이트코스']",2021-08-19,저 좋아요를 눌러보세,
뇨끼 짱😋...#제주뇨끼#피스타치오바질 파스타#노모어블루스 #제주맛집,"['#제주뇨끼', '#피스타치오바질', '#노모어블루스', '#제주맛집']",2021-08-19,6,노모어블루스
애월 로드129성게크림파스타흑돼지 멘치카츠흑돼지 치즈돈까스흑돼지 고구마치즈돈까스흑돼지 수제돈까스해물야끼소바재료소진시 조기마감전메뉴 포장가능#애월맛집#제주맛집#애월읍맛집#애월항맛집#제주애월점심#애월맛집추천#제주애월맛집#애월점심추천#애월밥집#제주현지인맛집#제주도민추천맛집#제주도현지인맛집#도민맛집#제주혼밥#제주시맛집#제주도맛집#제주도민맛집#금능맛집#한림맛집#협재맛집#협재해수욕장맛집#곽지해수욕장맛집#더럭분교맛집#애월해안도로#제주서쪽맛집#애월데이트코스#새별오름#애월카페#제주데이트코스,"['#애월맛집', '#제주맛집', '#애월읍맛집', '#애월항맛집', '#제주애월점심', '#애월맛집추천', '#제주애월맛집', '#애월점심추천', '#애월밥집', '#제주현지인맛집', '#제주도민추천맛집', '#제주도현지인맛집', '#도민맛집', '#제주혼밥', '#제주시맛집', '#제주도맛집', '#제주도민맛집', '#금능맛집', '#한림맛집', '#협재맛집', '#협재해수욕장맛집', '#곽지해수욕장맛집', '#더럭분교맛집', '#애월해안도로', '#제주서쪽맛집', '#애월데이트코스', '#새별오름', '#애월카페', '#제주데이트코스']",2021-08-19,저 좋아요를 눌러보세,
너울.한번 맛보면 잊을 수 없는 옥수수쿠키입니다!🌽 단순한 모양에 속으면 안되는 아주 중독성이 강한 쿠키로 옥수수의 고소함 뒤에 숨은 단짠의 조화에 손을 멈출 수 없어요😋폭신폭신 부드러운 식감으로 아가들도 부담없이 먹을 수 있어 오후 간식으로 딱 좋아요. 익숙한듯 낯선듯 잊을 수 없는 맛으로 많은 손님들을 너울로 다시 발걸음 하게 만드는 마성의 쿠키!비 내리는 오후에 기분전환으로 하나 맛 보시면 어떨까요?😀 옥수수 쿠키는 어떠한 칵테일과도 무난하게 잘 어울리지만너울에서는 특별히 곱닥헌을 추천 드리고 있어요.곱닥헌의 달콤상콤함과 옥수수 쿠키의 고소고소함이 아주 찰떡궁합이랍니다!:: NEOUL ::open 11:00close 19:30하귀2길 19-3TAKE OUT ONLY,[],2021-08-19,11,너울
"오늘 제주는 맑음~가을이 다가오는지 요즘 구름들도 참 이쁘고~아침 일찍이 귀여운 외국손님이 오셨네요~그전에도 방문 했었는지 그전이랑 많이 달라졌다보 오너가 바뀌었냐고 묻던. . ㅎㅎ너무 좋다며 엄지척 👍  해주시고 가셨다는~❤서귀포 #어린왕자감귤밭 ❤동남아 갬성까지 담뿍 담아놓은!갓성비 대박쩌는 이색체험카페❤음료 한 잔 값으로 동물먹이주기체험부터,같이 산책하기, 사진찍기 이 모든걸 다 할 수 있는거 실화,,?❤동물 종류도 알파카와 미니 말포니,기니피드, 타조, 라쿤까지!!!😍최근에 조경 공사로 동남아 갬성까지 더해져서해외갬성 인생샷까지 겟 가능하다구~게다가 게스트하우스도 같이하니까숙소걱정도 할 필요 없는거 넘됴아,,❤ @여기 밤에도 개이쁨✨✔제주 서귀포시 대정읍 추사로36번길 45-1✔매일 09:30 - 20:00✔@jeju.gosuhan.#서귀포카페 #서귀포맛집 #서귀포데이트 #서귀포핫플 #서귀포밥집 #서귀포맛집추천 #서귀포숙소 #서귀포카페추천 #제주맛집 #제주밥집 #제주핫플 #제주핫플레이스 #제주도밥집 #제주도카페 #제주도맛집 #제주도여행 #제주도핫플 #제주가볼만한곳 #제주도가볼만한곳 #제주도숙소 #제주숙소","['#어린왕자감귤밭', '#서귀포카페', '#서귀포맛집', '#서귀포데이트', '#서귀포핫플', '#서귀포밥집', '#서귀포맛집추천', '#서귀포숙소', '#서귀포카페추천', '#제주맛집', '#제주밥집', '#제주핫플', '#제주핫플레이스', '#제주도밥집', '#제주도카페', '#제주도맛집', '#제주도여행', '#제주도핫플', '#제주가볼만한곳', '#제주도가볼만한곳', '#제주도숙소', '#제주숙소']",2021-08-19,14,어린왕자감귤밭
#제주핫갤_협재 해변앞 레스토랑.맥주펍 #썬셋비치 ⛱️ 해변의 노을뷰를 놓치면 아쉽잖아? 감성 낭낭하게 맥주 한잔🍺에 맛있는 파스타 피자🍕 들로 한잔하면서 감상하는거 어때? 낮에도 해변에서 놀다가 한잔씩 하기 딱좋아 꿀떡꿀떡 맥주꿀맛임🍯📍 주소 제주시 한림읍 한림로 361 + 12:00 - 24:00...#제주핫플 #제주맛집 #제주가볼만한곳 #제주노을뷰 #협재해변맛집 #제주레스토랑 #제주오션뷰 #제주오션뷰맛집,"['#제주핫갤_협재', '#썬셋비치', '#제주핫플', '#제주맛집', '#제주가볼만한곳', '#제주노을뷰', '#협재해변맛집', '#제주레스토랑', '#제주오션뷰', '#제주오션뷰맛집']",2021-08-19,9,
"단돈 3만원에 오마카세에서 왕자 대접 받은 느낌의 스시집 제주 [쇼고스시🍣] @shogo_sushi 아라동 조용한 주택가에 위치해 있어요💚오늘은 아쉽지만 집으로 돌아가는 제주 여행 마지막 날 😭 먹방 여행 컨셉인 만큼 마지막 만찬을 제대로 즐기고 싶어 가성비로 제주도민에게 사랑 받는 쇼고스시에 방문 했다 :)직접 일일이 가시를 제거 해 푹 고아 삶은 어죽으로 배를 부드럽게 해주고 제주산 전복과 소라가 들어 있은 곤약물회로 입안을 상큼하게 시작!!와 이게 정말 3만원 코스가 맞아 싶을 정도로 재료의 신선함과 풍미가 그대로 살아 있었다.가볍게 연어 초밥과 그 뒤로 나오는 연어 광어 한치 도라지 거기에 푸와그라 보다 귀하다는 거위 간 조림까지 진심 너무너무 맛있었다 :)거기에 참치 2종과 새우, 숙성 한우 불초밥까지… 하나하나 특색 있었고 하나도 비리지 않고 마지막 한점 까지 구성이 넘 좋았다 :) 규동도 소스도 맛있었고 부드러웠으며 마지막으로 나오는 백짬뽕의 진하고 깔끔한 국물이 최고의 대접을 제대로 받은 느낌 마지막은 사장님이 직접 손수 재배한 제주감귤 쥬스 인데 이건 정말 사서 마시고 싶을 정도로 맛있었다.진짜 사장님의 목표가 손님을 배불러 터지게 괴롭히는 건가… 할 정도로 대식가인 나도 정말 그만 좀 나와 할 정도로 양이 어마어마 했다 💙제주에서 먹은 음식 중 가장 원탑이라고 꼽을 정도로 넘넘 맛있게 클리어 한 제주 찐맛집 강추 합니다 💙🍣🐟100% 예약제 입니다. 예약 안하고 가면 초밥 냄새도 못맡고 울면서 돌아 가야하니 미리미리 예약은 필수👍🏻👋#제주쇼고스시#쇼고스시#쇼고스시🍣#제주스시#제주초밥집#내돈내산#찐후기#뒷광고아님#내돈내먹#제주맛집#제주찐맛집#찐맛집#제주횟집","['#제주쇼고스시', '#쇼고스시', '#쇼고스시🍣', '#제주스시', '#제주초밥집', '#내돈내산', '#찐후기', '#뒷광고아님', '#내돈내먹', '#제주맛집', '#제주찐맛집', '#찐맛집', '#제주횟집']",2021-08-19,17,쇼고스시
!!😚😌😌⠀⠀⠀⠀⠀⠀⠀⠀⠀⠀⠀⠀⠀⠀⠀⠀⠀⠀⠀⠀⠀⠀⠀⠀⠀⠀⠀⠀⠀⠀⠀⠀⠀⠀⠀⠀#강남맛집 #맛있음 #논현역맛집 #저녁밥상 #촵촵 #맛난음식 #대구북구맛집 #맛있는 #맛집데이트 #커플 #제주맛집 #친구스타그램 #먹스타그램?? #합정맛집 #먹는게남는거다 #양띠맘,"['#강남맛집', '#맛있음', '#논현역맛집', '#저녁밥상', '#촵촵', '#맛난음식', '#대구북구맛집', '#맛있는', '#맛집데이트', '#커플', '#제주맛집', '#친구스타그램', '#먹스타그램??', '#합정맛집', '#먹는게남는거다', '#양띠맘']",2021-08-19,2,
"(광고) 애월해안도로맛집 외도신대박횟집제주도 가장 뷰좋은 횟집💚💙 오션뷰에서 제주산 싱싱한 회를 먹을수있다니!!🥰플레이팅 깔끔하고 화려한 스끼다시는 하나하나 일품이고 신대박의 시그니처메뉴인 게우밥은 고소하고 중독되는맛💛🧡싱싱한 활어회,귀한 갈치회,고등어회 덕분에 입호강😆.외도 신대박횟집제주 제주시 일주서로7353매일 11:00~22:00.#애월해안도로맛집#제주시횟집#제주횟집#애월횟집#제주갈치회#제주고등어회#제주맛집#애월맛집#해안도로맛집#좋반#좋아요반사#좋반맛팔댓글","['#애월해안도로맛집', '#제주시횟집', '#제주횟집', '#애월횟집', '#제주갈치회', '#제주고등어회', '#제주맛집', '#애월맛집', '#해안도로맛집', '#좋반', '#좋아요반사', '#좋반맛팔댓글']",2021-08-19,0,제주도 Jeju Island
.빨주노초파보 🌈쫀득쫀득 꼬끄에 맛있는 필링🤤✨월정 바다와 함께일 때 더 빛이 나는 무지개 수카롱 ❤️🧡💛💚💙💜제주시 구좌읍 해맞이해안로 406 카페콧수염070-4131-8880방문해주신 모든 분들께 감사드립니다예쁜 사진 남겨주셔서 감사합니다 🌷#애월맛집 #제주도마카롱 #제주도민맛집 #월정리카페거리 #제주카페 #제주피크닉 #월정리맛집 #제주동쪽카페 #제주 #서귀포카페 #제주카페투어 #월정리 #월정리해수욕장 #월정리콧수염 #제주도 #구좌읍 #제주월정리카페 #제주월정리 #공항근처맛집 #제주도기념품 #월정리카페 #월정리카페콧수염 #제주여행 #제주도맛집 #제주맛집 #성산카페 #제주카페추천 #제주도카페 #제주시카페 #월정리해변,"['#애월맛집', '#제주도마카롱', '#제주도민맛집', '#월정리카페거리', '#제주카페', '#제주피크닉', '#월정리맛집', '#제주동쪽카페', '#제주', '#서귀포카페', '#제주카페투어', '#월정리', '#월정리해수욕장', '#월정리콧수염', '#제주도', '#구좌읍', '#제주월정리카페', '#제주월정리', '#공항근처맛집', '#제주도기념품', '#월정리카페', '#월정리카페콧수염', '#제주여행', '#제주도맛집', '#제주맛집', '#성산카페', '#제주카페추천', '#제주도카페', '#제주시카페', '#월정리해변']",2021-08-19,저 좋아요를 눌러보세,
.고등어회♡청파.포장전화주세요....cheong_pa2008청파식당횟집 제주시 구좌읍 세평항로12 ☎️064-784-7775⏰영업시간 AM 11시~ PM 9시(브레이크타임 2시전에 오셔야합니다.오후 3시~5시 )매월 숫자짝수 일요일 휴무매월 숫자홀수 일요일 5시부터 영업합니다.고등어회 일등 맛집🐟청파로오세요🏃‍♂️🏃‍♀️🏃‍♂️🏃‍♀️🏃‍♂️.#세화맛집 #세화해변맛집 #먹스타그램#제주고등어회#함덕맛집#고등어회 #청파횟집#청파식당횟집 #고등어회맛집#세화해변 #구좌읍맛집#월정리맛집 #평대리맛집 #하도리맛집 #포장전문 #청파식당 #제주맛집#비자림  #제주맛집추천 #제주월정리맛집#제주도간장게장#공백카페 #맛스타그램#성산일출봉맛집 #제주핫플레이스#구좌소품샵.활어회/활고등어회/해물탕/우럭매운탕/우럭조림/고등어조림/전복뚝배기/전복구이/고등어구이(간장게장🦀 전국택배가능),"['#세화맛집', '#세화해변맛집', '#먹스타그램', '#제주고등어회', '#함덕맛집', '#고등어회', '#청파횟집', '#청파식당횟집', '#고등어회맛집', '#세화해변', '#구좌읍맛집', '#월정리맛집', '#평대리맛집', '#하도리맛집', '#포장전문', '#청파식당', '#제주맛집', '#비자림', '#제주맛집추천', '#제주월정리맛집', '#제주도간장게장', '#공백카페', '#맛스타그램', '#성산일출봉맛집', '#제주핫플레이스', '#구좌소품샵.활어회/활고등어회/해물탕/우럭매운탕/우럭조림/고등어조림/전복뚝배기/전복구이/고등어구이(간장게장🦀']",2021-08-19,10,제주 구좌읍 세화리
"함덕해수욕장에서 차타고 1-2분거리 한번에 다섯가지를 먹을 수 있는 곳후식으로 우도땅콩아이스림까지 !!메뉴 : 안녕제주한상, 한라산을 품다, 뿔소라전복비빔밥, 뿔소라국수, 전복죽, 어린이한상위치 : 함덕 18길19영업시간 : 오전10시~오후7시20분함덕 맛집 안녕제주 많은 방문 부탁드립니다~ㅎㅎ#제주도 #제주도핫플 #제주맛집 #제주도맛집 #제주도현지인맛집 #제주현지인맛집 #제주현지인추천맛집 #함덕 #함덕맛집 #함덕해수욕장근처맛집 #함덕해변 #함덕해수욕장맛집 #함덕카페 #함덕소노벨리조트 #제주도여행 #제주도민맛집 #흑돼지 #우도땅콩아이스크림 #먹방 #함덕맛집탐방 #혼밥스타그램 #안녕제주 #함덕혼밥 #함덕해수욕장 #함덕현지인맛집 #함덕맛집추천 #제주함덕맛집 #함덕전복죽 #함덕어린이메뉴","['#제주도', '#제주도핫플', '#제주맛집', '#제주도맛집', '#제주도현지인맛집', '#제주현지인맛집', '#제주현지인추천맛집', '#함덕', '#함덕맛집', '#함덕해수욕장근처맛집', '#함덕해변', '#함덕해수욕장맛집', '#함덕카페', '#함덕소노벨리조트', '#제주도여행', '#제주도민맛집', '#흑돼지', '#우도땅콩아이스크림', '#먹방', '#함덕맛집탐방', '#혼밥스타그램', '#안녕제주', '#함덕혼밥', '#함덕해수욕장', '#함덕현지인맛집', '#함덕맛집추천', '#제주함덕맛집', '#함덕전복죽', '#함덕어린이메뉴']",2021-08-19,저 좋아요를 눌러보세,
코로나 4단계가 실감되는 이번주네요..#제주양식당#제주레스토랑#제주식당#제주맛집#이도2동맛집#와인#시청맛집#법원맛집#구제주맛집#신제주맛집#그냥맛집#혼밥#제주혼밥#구제주혼밥#제주시청혼밥#제주법원혼밥#제주혼술#구제주혼술#제주시청혼술#제주법원혼술#진짜맛집#theshed#더쉐드#제주#제주시#서귀포시#제주핫플#베라체#베라체맛집#중앙여고맛집,"['#제주양식당', '#제주레스토랑', '#제주식당', '#제주맛집', '#이도2동맛집', '#와인', '#시청맛집', '#법원맛집', '#구제주맛집', '#신제주맛집', '#그냥맛집', '#혼밥', '#제주혼밥', '#구제주혼밥', '#제주시청혼밥', '#제주법원혼밥', '#제주혼술', '#구제주혼술', '#제주시청혼술', '#제주법원혼술', '#진짜맛집', '#theshed', '#더쉐드', '#제주', '#제주시', '#서귀포시', '#제주핫플', '#베라체', '#베라체맛집', '#중앙여고맛집']",2021-08-19,16,
"☀제주의 멋과 맛을 모두 즐기시고 싶다면➩✨제주여행의 후회없는 선택➀제주공항 근처 바닷가 바로 앞 풍경맛집➁해녀가 직접 채집하는제주보말, 제주돼지, 제주비트를 재료로 하는 건강맛집 [한라진칼국수]입니다.✅OPEN 9:00✅CLOSE 16:00✅매주 월요일 정기휴무✈제주시 테우해안로32☏TEL 064.711.8525#한라진칼국수 #제주맛집 #제주맛집추천 #제주도맛집 #제주도맛집추천 #제주공항맛집 #제주공항근처맛집 #보말칼국수 #보말칼국수맛집 #제주보말칼국수 #제주보말칼국수맛집 #돔베고기 #제주가족여행 #제주데이트 #제주점심 #제주도민맛집 #이호테우해변맛집 #애월맛집 #애월해안도로맛집 #제주오션뷰맛집 #함덕맛집 #성산일출봉맛집 #협재맛집 #곽지맛집 #한담맛집 #한림맛집 #제주도여행 #제주여행 #제주핫플 #제주아침식사","['#한라진칼국수', '#제주맛집', '#제주맛집추천', '#제주도맛집', '#제주도맛집추천', '#제주공항맛집', '#제주공항근처맛집', '#보말칼국수', '#보말칼국수맛집', '#제주보말칼국수', '#제주보말칼국수맛집', '#돔베고기', '#제주가족여행', '#제주데이트', '#제주점심', '#제주도민맛집', '#이호테우해변맛집', '#애월맛집', '#애월해안도로맛집', '#제주오션뷰맛집', '#함덕맛집', '#성산일출봉맛집', '#협재맛집', '#곽지맛집', '#한담맛집', '#한림맛집', '#제주도여행', '#제주여행', '#제주핫플', '#제주아침식사']",2021-08-19,1,
애월 로드129성게크림파스타흑돼지 멘치카츠흑돼지 치즈돈까스흑돼지 고구마치즈돈까스흑돼지 수제돈까스해물야끼소바재료소진시 조기마감전메뉴 포장가능#애월맛집#제주맛집#애월읍맛집#애월항맛집#제주애월점심#애월맛집추천#제주애월맛집#애월점심추천#애월밥집#제주현지인맛집#제주도민추천맛집#제주도현지인맛집#도민맛집#제주혼밥#제주시맛집#제주도맛집#금능맛집#한림맛집#협재맛집#협재해수욕장맛집#곽지해수욕장맛집#더럭분교맛집#애월해안도로#제주서쪽맛집#애월데이트코스#새별오름#애월카페#제주데이트코스,"['#애월맛집', '#제주맛집', '#애월읍맛집', '#애월항맛집', '#제주애월점심', '#애월맛집추천', '#제주애월맛집', '#애월점심추천', '#애월밥집', '#제주현지인맛집', '#제주도민추천맛집', '#제주도현지인맛집', '#도민맛집', '#제주혼밥', '#제주시맛집', '#제주도맛집', '#금능맛집', '#한림맛집', '#협재맛집', '#협재해수욕장맛집', '#곽지해수욕장맛집', '#더럭분교맛집', '#애월해안도로', '#제주서쪽맛집', '#애월데이트코스', '#새별오름', '#애월카페', '#제주데이트코스']",2021-08-19,저 좋아요를 눌러보세,
🔹할로비치🔹🔹제주시 한경면 녹차분재로 354🔹 제주에서 먹는 망고는 또 다른맛 아니겠나어요? 카라바오망고 쥬스 마셔보면 다른 망고쥬스는 못 먹는다는 이야기 아시죠? ♡..#제주카페 #할로비치 #제주도카페 #제주맛집 #제주도맛집 #제주맛집추천 #제주도맛집추천 #할로비치 #애월맛집 #애월카페 #협재맛집 #협재카페 #제주가볼만한곳 #제주도여행 #제주도데이트코스 #제주도카페추천 #제주도핫플 #제주카페추천,"['#제주카페', '#할로비치', '#제주도카페', '#제주맛집', '#제주도맛집', '#제주맛집추천', '#제주도맛집추천', '#할로비치', '#애월맛집', '#애월카페', '#협재맛집', '#협재카페', '#제주가볼만한곳', '#제주도여행', '#제주도데이트코스', '#제주도카페추천', '#제주도핫플', '#제주카페추천']",2021-08-19,140,
"회 남으면 튀겨준다해서 갔는데 안남았네;;,🐟〰️#범인은세명 #제주맛집 #연동맛집 #마라도횟집","['#범인은세명', '#제주맛집', '#연동맛집', '#마라도횟집']",2021-08-19,11,
"여름 재질 , 서촌 mk2 🌱 이름 놔두고 미경이네 혹은 민경이네로 불리는 곳ㅋㅋㅋ 사람들 증말 귀엽당,,🥰사진첩보다가 생각나서 올려보는 지지난 여름추억🍧🍅주차한 곳에서 거리가 꽤 있어 더운날 헥헥거리며 찾아갔는데, 글쎄 토마토 그라니따 한입에 더위가 싹 잊혀졌지 모야💜 나 이거 진심 아빠 숟가락으로 퍼묵 가능한디 ,, 한양 가고싶다 ...🥺ㅋㄹㄴ 안 ㄲㅓ지냐 진짜 -_- 🔥 (급발진)",[],2021-08-19,231,Cafe mk2
"⠀┏━━━━━༻❁༺━━━━━┓⠀⠀⠀⠀⠀𝓔𝓢𝓟𝓔𝓡𝓛𝓜𝓐𝓛𝓛⠀⠀•프리미엄 고퀄리티 에스펄몰 •⠀⠀➵ ⁘ 다이렉트 댓글 안 받습니다⠀➵ ⁘ 검수사진 영상 송장 제공⠀➵ ⁘ 공휴일 주말제외 2 - 3 주⠀➵ ⁘ 현금 카드결제 무이자 가능⠀➵ ⁘ 2차례 꼼꼼한 검수 후 출고⠀┗━━━━━༻❁༺━━━━━┛⠀⠀문의 전 채널 공지글 꼭 필독 해주세요⠀✔ 더 많은 상품 또는 문의방법인스타그램 프로필 하단 링크 클릭⠀항시 이벤트 진행 중 채널 공지 확인필수⠀⠀⠀⊶⊷⊶⊷⊶⊷⋆⊶⊷⊶⊷⊶⠀피드에 없는 제품 문의도 받습니다문의시 원하시는 제품 사진첨부필수 부탁 드려요 ◡̈ ♥️ 모든 사이즈 색상 보유 합니다⠀⠀< 상품문의 순차적 상담진행 >⠀⠀문의 매너 꼭 지켜주세요⠀에스펄몰 카톡 𝘦𝘴𝘱𝘦𝘳𝘭𝘮𝘢𝘭𝘭⠀✔ 유사로고 주의⠀에스펄몰과 색상 , 샵 이름만 다른흡사한 로고 타 샵들 저희 에스펄몰과무관합니다 착오 없으시길 바랍니다 🙏 ⠀1대1 오더 제품이기에 단순변심교환 환불 불가 입니다싸고 질좋은 상품 절대 없어요 ◡̈싼 것 만 찾다가 낭패보신 손님들 많아용⠀퀄리티로 유명한 고퀄맛집 에스펄몰프로필 링크 꾸욱 누르고 톡 주세욥 ♥️⠀⠀",[],2021-08-19,저 좋아요를 눌러보세,
"함덕해수욕장에서 차타고 1-2분거리 한번에 다섯가지를 먹을 수 있는 곳후식으로 우도땅콩아이스림까지 !!메뉴 : 안녕제주한상, 한라산을 품다, 뿔소라전복비빔밥, 뿔소라국수, 전복죽, 어린이한상위치 : 함덕 18길19영업시간 : 오전10시~오후7시20분함덕 맛집 안녕제주 많은 방문 부탁드립니다~ㅎㅎ#제주도 #제주도핫플 #제주맛집 #제주도맛집 #제주도현지인맛집 #제주현지인맛집 #제주현지인추천맛집 #함덕 #함덕맛집 #함덕해수욕장근처맛집 #함덕해변 #함덕해수욕장맛집 #함덕카페 #함덕소노벨리조트 #제주도여행 #제주도민맛집 #흑돼지 #우도땅콩아이스크림 #먹방 #함덕맛집탐방 #혼밥스타그램 #안녕제주 #함덕혼밥 #함덕해수욕장 #함덕현지인맛집 #함덕맛집추천 #제주함덕맛집 #함덕전복죽 #함덕어린이메뉴","['#제주도', '#제주도핫플', '#제주맛집', '#제주도맛집', '#제주도현지인맛집', '#제주현지인맛집', '#제주현지인추천맛집', '#함덕', '#함덕맛집', '#함덕해수욕장근처맛집', '#함덕해변', '#함덕해수욕장맛집', '#함덕카페', '#함덕소노벨리조트', '#제주도여행', '#제주도민맛집', '#흑돼지', '#우도땅콩아이스크림', '#먹방', '#함덕맛집탐방', '#혼밥스타그램', '#안녕제주', '#함덕혼밥', '#함덕해수욕장', '#함덕현지인맛집', '#함덕맛집추천', '#제주함덕맛집', '#함덕전복죽', '#함덕어린이메뉴']",2021-08-19,1,
"말고기 맛집!영주말가든에서 먹어봤어요 :)고기 자체가 워낙 부드러워서,넘넘 맛있게 먹고 왔네여!힐링제대로였어요 :)#영주말가든#제주맛집#제주도맛집#제주공항근처맛집#제주공항맛집#제주도말고기맛집 #제주고기맛집 #제주공항근처고기집 #제주도말고기맛집추천 #맞팔좋아요 #먹팔그램 #먹팔소통 #제주도맛집지도","['#영주말가든', '#제주맛집', '#제주도맛집', '#제주공항근처맛집', '#제주공항맛집', '#제주도말고기맛집', '#제주고기맛집', '#제주공항근처고기집', '#제주도말고기맛집추천', '#맞팔좋아요', '#먹팔그램', '#먹팔소통', '#제주도맛집지도']",2021-08-19,135,영주말가든
".오픈하자마자 인기몰이중인 신상피자맛집!!분위기 갓성비 모두 합격👏🏻 애월 #플라이트⠀외관부터 맘에드는 힙st 피자맛집🍕콘치즈, 페퍼로니, 가지+올리브, 파프리카+소시지 !!페스트리 도우 변경하면 2배더 쫀맛🤤맥주와 커피는 물론 수제피클까지~⠀@@오늘 마무리는 여기 핏짜다!!!⠀🌀주차가능⠀📍제주시 애월읍 장전로 82📍매일 11:00 - 22:00 (L.O 21:00)📍010.2848.0896👉🏻 @flightjeju⠀⠀...",['#플라이트⠀외관부터'],2021-08-19,143,
제주시는 비가 오는데모슬포는 햇님이 방긋~^^월정리 갈비밥  먹으로 서귀포점~4단계 격상이후 자영업자들 많이 힘들거같아요ㅜㅜ대기가 많을까봐 걱정했는데 다행히 여유있게  잘 먹고왔네요^^로봇이 써빙해주는 최첨단 서비스~♡하나 사고 싶네요^^음식도 맛있고 레몬타워도 굿굿,[],2021-08-19,11,
-톡톡 터지는 옥수수 🌽알갱이와 부드러운 크림이 달콤한 옥수수 크림 빵 !  퍽퍽하지 않고 촉촉하고 부드러운 빵이예요😋자극적이지 않아 아이들 간식 어른들 간식으로도 좋은 빵이랍니다!우유랑 🥛함께 오늘 간식으로 드셔보세요😋,[],2021-08-19,15,
제주조아 너뮤조아♥️헝헝당근 휴무때만,[],2021-08-18,161,제주도 Jeju Island
괜찮은 바이브,[],2021-08-18,ia_utochka님 외 183명이 좋아합니,Jeju
#벵디제주도 여행가서 우연히 길가다가 들어가게 된 벵디#돌문어덮밥 17000원#흑돼지간장덮밥 13000원솔직히 둘 다 크게 메리트있는 맛은 아니고 모두가 아는 맛이었다 특히 흑돼지간장덮밥은 그냥 불고기덮밥느낌???둘다 조금 간이 쎄서 무료로 제공되고 있는 밥으로 입맛에 맞게 간을 조절할 수 있어서 좋았다❕❗#제주도맛집 #구좌읍맛집 #제주도벵디 #제주맛집 #덮밥맛집 #덮밥 #먹스타그램 #먹스타맞팔 #먹팔 #먹스타 #맛집 #맛스타그램 #맛집추천 #맞팔 #좋반 #좋아요반사 #첫줄반사 #디엠환영 #협찬 #문의 #초보먹스타그램 #대학생맛집 #유명맛집 #유명맛집투어 #맛집깨기,"['#벵디제주도', '#돌문어덮밥', '#흑돼지간장덮밥', '#제주도맛집', '#구좌읍맛집', '#제주도벵디', '#제주맛집', '#덮밥맛집', '#덮밥', '#먹스타그램', '#먹스타맞팔', '#먹팔', '#먹스타', '#맛집', '#맛스타그램', '#맛집추천', '#맞팔', '#좋반', '#좋아요반사', '#첫줄반사', '#디엠환영', '#협찬', '#문의', '#초보먹스타그램', '#대학생맛집', '#유명맛집', '#유명맛집투어', '#맛집깨기']",2021-08-17,114,벵디
☔️,[],2021-05-17,102,Yeosu
#공차 까페 죽순이😅코로나 4단계 되니까 백신 맞았지만 조신하게 배민씨 부름😅😅#배민 #까페 #까페죽순이 #공차 #먹방 #먹팔 #딸기치즈쥬얼리쿠키밀크티 #말렌카케이크#월넛 #호두 #허니크림 #치즈폼딥초코스무디 #배달 3500원 #먹스타그램 #까페스타그램 #좋아요 #일상 #소통 #제주도 #제주맛집,"['#공차', '#배민', '#까페', '#까페죽순이', '#공차', '#먹방', '#먹팔', '#딸기치즈쥬얼리쿠키밀크티', '#말렌카케이크', '#월넛', '#호두', '#허니크림', '#치즈폼딥초코스무디', '#배달', '#먹스타그램', '#까페스타그램', '#좋아요', '#일상', '#소통', '#제주도', '#제주맛집']",2021-08-19,29,공차
제주 인생밥집⠀⠀⠀⠀⠀⠀⠀⠀⠀⠀⠀⠀⠀⠀⠀⠀⠀🕚 OPEN - 11:00⠀⠀⠀⠀⠀⠀⠀⠀⠀⠀⠀⠀🕕 CLOSED - 17:00⠀⠀⠀⠀⠀⠀⠀⠀⠀⠀⠀⠀⠀⠀⠀⠀⠀브레이크타임 없어요.⠀⠀⠀⠀⠀⠀⠀⠀⠀⠀⠀⠀⠀⠀⠀⠀⠀예약은 받지 않고 오시는 순서대로 식사가능 하세요.⠀⠀⠀⠀⠀⠀⠀⠀⠀⠀⠀⠀⠀⠀⠀⠀⠀싱싱한 해물과 신선한 야채로 그날 준비한 재료가 소진되면 조기마감 합니다. ⠀⠀⠀⠀⠀⠀⠀⠀⠀⠀⠀⠀⠀⠀⠀⠀⠀⠀⠀⠀⠀⠀⠀⠀⠀⠀⠀⠀⠀⠀⠀⠀⠀⠀🥣전복해물볶음밥 / 전복물회 / 전복딱새우장 정식⠀⠀⠀⠀⠀⠀⠀⠀⠀⠀⠀⠀⠀⠀⠀⠀⠀사는게니나노 ~ ♬인생밥집 010-6501-5073주소는 제주시 한림읍 문교길6 ..⠀⠀⠀⠀⠀⠀⠀⠀⠀⠀⠀⠀⠀⠀⠀⠀⠀🅿️ 무료 공영 주차장 위치!! .⠀⠀⠀⠀⠀⠀⠀⠀⠀⠀⠀⠀⠀⠀⠀⠀⠀🚗 제주시 한림읍 한림리 1197-4🚘 제주시 한림읍 한림리 1198-3🚙 제주시 한림읍 한림리 943-9.걸어서 2분이내 거리에요~♡♡#제주#제주도#jeju#제주살이#제주맛집#제주도맛집#한림맛집#애월맛집#서울맛집 #중문맛집#산방산맛집#월정리#신화월드맛집#제주신혼여행#협재해수욕장근처맛집#협재해변#금능해수욕장#좋아요#일상#일상스타그램#먹스타그램#맛스타그램 #전복장 #딱새우장#제주가족여행 #제주우정여행 #제주혼밥 #협재혼밥,"['#제주', '#제주도', '#jeju', '#제주살이', '#제주맛집', '#제주도맛집', '#한림맛집', '#애월맛집', '#서울맛집', '#중문맛집', '#산방산맛집', '#월정리', '#신화월드맛집', '#제주신혼여행', '#협재해수욕장근처맛집', '#협재해변', '#금능해수욕장', '#좋아요', '#일상', '#일상스타그램', '#먹스타그램', '#맛스타그램', '#전복장', '#딱새우장', '#제주가족여행', '#제주우정여행', '#제주혼밥', '#협재혼밥']",2021-08-19,5,
#제주도 #제주여행 #제주여행코스 #제주카페 #제주맛집 #제주반려견동반 #제주데이트코스 #제주게스트하우스 #제주펜션 #함덕해수욕장 #함덕맛집 #함덕카페 #구좌읍맛집 #구좌읍카페 #김녕 #김녕해수욕장 #김녕카페 #김녕맛집 #월정리 #월정리해변 #월정리카페 #쓩쓩렌탈 #세화맛집 #세화카페 #세화해변 #좋아요 #좋아요반사#팔로우 #맞팔선팔환영 자전거.전기자전거.  전동킥보드.전동스쿠터(이디뚜뚜)대여 합니다^-^주소:제주도 제주시 구좌읍 월정1길3문의전화:01055685083,"['#제주도', '#제주여행', '#제주여행코스', '#제주카페', '#제주맛집', '#제주반려견동반', '#제주데이트코스', '#제주게스트하우스', '#제주펜션', '#함덕해수욕장', '#함덕맛집', '#함덕카페', '#구좌읍맛집', '#구좌읍카페', '#김녕', '#김녕해수욕장', '#김녕카페', '#김녕맛집', '#월정리', '#월정리해변', '#월정리카페', '#쓩쓩렌탈', '#세화맛집', '#세화카페', '#세화해변', '#좋아요', '#좋아요반사', '#팔로우', '#맞팔선팔환영']",2021-08-19,14,
"투접시족발외도점❤️꼬리족발👍👍꼬리족발에 맥주한잔 👍👍마니마니 찾아주세용용😁😁포장,배달가능😛배달의민족에서 투접시족발외도점을 검색해주세요🤗🤗👉 오후4시부터 새벽1시까지👉우정로15길23👉외도부영그린마트옆👉투접시족발외도점#제주맛집 #제주시맛집 #외도맛집#먹스타그램 #맛스타그램 #제주흑돼지족발#아강발 #막국수 #김가루밥#도민맛집 #오픈이벤트중#많이찾아주세용🤗 #꼬리족발 #꼬리족발맛집","['#제주맛집', '#제주시맛집', '#외도맛집', '#먹스타그램', '#맛스타그램', '#제주흑돼지족발', '#아강발', '#막국수', '#김가루밥', '#도민맛집', '#오픈이벤트중', '#많이찾아주세용🤗', '#꼬리족발', '#꼬리족발맛집']",2021-08-19,8,
애월 로드129성게크림파스타흑돼지 멘치카츠흑돼지 치즈돈까스흑돼지 고구마치즈돈까스흑돼지 수제돈까스해물야끼소바재료소진시 조기마감전메뉴 포장가능#애월맛집#제주맛집#애월읍맛집#애월항맛집#제주애월점심#애월맛집추천#제주애월맛집#애월점심추천#애월밥집#제주현지인맛집#제주도민추천맛집#제주도현지인맛집#도민맛집#제주혼밥#제주시맛집#제주도맛집#금능맛집#한림맛집#협재맛집#협재해수욕장맛집#곽지해수욕장맛집#더럭분교맛집#애월해안도로#제주서쪽맛집#애월데이트코스#새별오름#애월카페#제주데이트코스,"['#애월맛집', '#제주맛집', '#애월읍맛집', '#애월항맛집', '#제주애월점심', '#애월맛집추천', '#제주애월맛집', '#애월점심추천', '#애월밥집', '#제주현지인맛집', '#제주도민추천맛집', '#제주도현지인맛집', '#도민맛집', '#제주혼밥', '#제주시맛집', '#제주도맛집', '#금능맛집', '#한림맛집', '#협재맛집', '#협재해수욕장맛집', '#곽지해수욕장맛집', '#더럭분교맛집', '#애월해안도로', '#제주서쪽맛집', '#애월데이트코스', '#새별오름', '#애월카페', '#제주데이트코스']",2021-08-19,저 좋아요를 눌러보세,
"투접시족발외도점❤️냉채족발🤗🤗포장,배달가능😛배달의민족에서 투접시족발외도점을 검색해주세요🤗🤗👉 오후4시부터 새벽1시까지👉우정로15길23👉외도부영그린마트옆👉투접시족발외도점#제주맛집 #제주시맛집 #외도맛집#먹스타그램 #맛스타그램 #제주흑돼지족발#아강발 #막국수 #김가루밥#도민맛집 #오픈이벤트중#많이찾아주세용🤗 #꼬리족발 #꼬리족발맛집","['#제주맛집', '#제주시맛집', '#외도맛집', '#먹스타그램', '#맛스타그램', '#제주흑돼지족발', '#아강발', '#막국수', '#김가루밥', '#도민맛집', '#오픈이벤트중', '#많이찾아주세용🤗', '#꼬리족발', '#꼬리족발맛집']",2021-08-19,13,
먹방여행이었던 것이 확실....#제주 #jeju,"['#제주', '#jeju']",2021-08-19,27,Jeju
"잘구워진 깜댕이되서 돌아왔음,,,🌚",[],2021-08-19,22,제주도 Jeju Island
.끓는다끓어 장난쟁이때매 봉쟈속도 부대찌개도...#하도댁#부대찌개#연예인맛집,"['#하도댁', '#부대찌개', '#연예인맛집']",2021-08-19,79,하도댁두루치기
애월 로드129성게크림파스타흑돼지 멘치카츠흑돼지 치즈돈까스흑돼지 고구마치즈돈까스흑돼지 수제돈까스해물야끼소바재료소진시 조기마감전메뉴 포장가능#애월맛집#제주맛집#애월읍맛집#애월항맛집#제주애월점심#애월맛집추천#제주애월맛집#애월점심추천#애월밥집#제주현지인맛집#제주도민추천맛집#제주도현지인맛집#도민맛집#제주혼밥#제주시맛집#제주도맛집#금능맛집#한림맛집#협재맛집#협재해수욕장맛집#곽지해수욕장맛집#더럭분교맛집#애월해안도로#제주서쪽맛집#애월데이트코스#새별오름#애월카페#제주데이트코스,"['#애월맛집', '#제주맛집', '#애월읍맛집', '#애월항맛집', '#제주애월점심', '#애월맛집추천', '#제주애월맛집', '#애월점심추천', '#애월밥집', '#제주현지인맛집', '#제주도민추천맛집', '#제주도현지인맛집', '#도민맛집', '#제주혼밥', '#제주시맛집', '#제주도맛집', '#금능맛집', '#한림맛집', '#협재맛집', '#협재해수욕장맛집', '#곽지해수욕장맛집', '#더럭분교맛집', '#애월해안도로', '#제주서쪽맛집', '#애월데이트코스', '#새별오름', '#애월카페', '#제주데이트코스']",2021-08-19,1,
애월바다 카레전문점 🥘혼밥 하기에도 강츄였음!🍛#애월점심식사 #애월추천밥집#음식 #제주여행 #jejudo #협재맛집#한림맛집 #애월맛집 #제주맛집 #애월점심밥 #애월밥집 #국내여행 #애월점심추천 #사이카레 #제주먹방 #애월혼밥 #제주맛집탐방 #제주애월맛집 #애월카페 #애월밥집추천 #애월저녁추천 #제주날씨#제주도민맛집 #제주오션뷰밥집 #제주맛집추천 #제주도핫플 #카레맛집#제주점심메뉴 #제주도빠른,"['#애월점심식사', '#애월추천밥집', '#음식', '#제주여행', '#jejudo', '#협재맛집', '#한림맛집', '#애월맛집', '#제주맛집', '#애월점심밥', '#애월밥집', '#국내여행', '#애월점심추천', '#사이카레', '#제주먹방', '#애월혼밥', '#제주맛집탐방', '#제주애월맛집', '#애월카페', '#애월밥집추천', '#애월저녁추천', '#제주날씨', '#제주도민맛집', '#제주오션뷰밥집', '#제주맛집추천', '#제주도핫플', '#카레맛집', '#제주점심메뉴', '#제주도빠른']",2021-08-19,2,환상의 섬 Jeju Island
"코로나 4단계 격상에 관해서풍어회센타는 코로나 방역 수칙을 준수합니다.6시 이후 2명이서만 식사 가능하며 백신 접종 유무와 상관없음을 알려드립니다. 방역 수칙을 위반하는 경우 단호하게 말할 것이며 손님 여러분들도 지켜주시길 부탁드립니다! 한 집에 사는 경우는 6시 이후도 한 테이블에 최대 4명, 더 많은 인원일 경우 떨어트려 앉으면 가능하다고 합니다. 같은 집 안에 살고 있다는 등본 등 확실한 정보를 가지고 와주시기 바랍니다.눈 속임 없는 안전한 풍어화센타를 만들기 위해 노력하겠습니다......@poong_jeju#풍어회센타#횟집#제주맛집#제주도여행#여행#제주시내맛집#한치#한치회#도민맛집#좋아요 #맛집추천 #맛집스타그램 #제주 #제주맛집추천 #여름 #일도이동맛집 #제주시맛집 #여행추천 #제주시#팔로우#제주시#여름#제철회#제철#가을 #전어회 #전어 #전어구이 #가을회 #가을제철 #가을제주도 #가을제주도여행","['#풍어회센타', '#횟집', '#제주맛집', '#제주도여행', '#여행', '#제주시내맛집', '#한치', '#한치회', '#도민맛집', '#좋아요', '#맛집추천', '#맛집스타그램', '#제주', '#제주맛집추천', '#여름', '#일도이동맛집', '#제주시맛집', '#여행추천', '#제주시', '#팔로우', '#제주시', '#여름', '#제철회', '#제철', '#가을', '#전어회', '#전어', '#전어구이', '#가을회', '#가을제철', '#가을제주도', '#가을제주도여행']",2021-08-19,5,
#대구북구맛집 #범어동맛집 #인친들 #맛있다그램 #송도맛집 #선물스타그램 #육아 #마스크팩 #제주맛집 #대전맛집 #저녁밥상 #바다 #주말요리 #황리단길맛집 #성산일출봉 #애월맛집 #성산맛집,"['#대구북구맛집', '#범어동맛집', '#인친들', '#맛있다그램', '#송도맛집', '#선물스타그램', '#육아', '#마스크팩', '#제주맛집', '#대전맛집', '#저녁밥상', '#바다', '#주말요리', '#황리단길맛집', '#성산일출봉', '#애월맛집', '#성산맛집']",2021-08-19,3,
제주동문시장흑백사진관 1장 오천원 #제주도#제주도먹거리#흑백사진#제주도여행코스#제주도사진코스#제주도꼭가야할곳#제주맛집#제주도여행#제주도기념사진#제주도오일장#선우스타일#제주감성사진#동문시장주변#제주도실내관광#사랑분식#제주사진관강추#제주도기념사진#제주도증명사진#제주도여권사진#제주도운전면허증#성산일출봉#제주도사진관추천#제주도사진관선우스타일#용두암#함덕해수욕장#곽지해수욕장#제주동문시장#제주관광#제주도비오는날갈만한곳#제주도관광명소#제주도가봐야할곳,"['#제주도', '#제주도먹거리', '#흑백사진', '#제주도여행코스', '#제주도사진코스', '#제주도꼭가야할곳', '#제주맛집', '#제주도여행', '#제주도기념사진', '#제주도오일장', '#선우스타일', '#제주감성사진', '#동문시장주변', '#제주도실내관광', '#사랑분식', '#제주사진관강추', '#제주도기념사진', '#제주도증명사진', '#제주도여권사진', '#제주도운전면허증', '#성산일출봉', '#제주도사진관추천', '#제주도사진관선우스타일', '#용두암', '#함덕해수욕장', '#곽지해수욕장', '#제주동문시장', '#제주관광', '#제주도비오는날갈만한곳', '#제주도관광명소', '#제주도가봐야할곳']",2021-08-19,2,
제주도에서 먹는 둘쨋날 점심💖💖매운갈비찜이라 엄청 매울까봐 걱정했는데 맵지도 않아서 넘넘 맛있게 먹었당🥰,[],2021-08-19,43,
#20210817🍊🌼다락☕️ #귤꽃다락,"['#20210817🍊🌼다락☕️', '#귤꽃다락']",2021-08-19,15,귤꽃다락
날이 좋길래 오랜만에 오토바이로 광어 픽업을 갔어요 오는길에 갑자기 비가와서 온몸이 다 젖어서 세화에 오니 세화는 날씨가 좋네요 ㅎㅎ-아직 제주도 날씨를 감을 못잡겠습니다 :D홍익인간 오늘도 음악과 함께 영업시작했습니다 :D,[],2021-08-19,15,제주 구좌읍 세화리
.한라산도 식후경 👨‍🍳부드러운 항정살에 특제 소스가 잘 어울리고모든 찬들이 정갈해서 입맛에 너무 잘 맞았던훈남 쉐프가 운영하는 1일 30인분 한정 판매 식당#바굥식당인생 살면서 먹어 본 고기들 중 세 손가락 안에 들어가는돼지 목살 최강 맛집~~!! 직원분들도 친절하고 유쾌하셔서식사할 때 기분이 한 껏 좋았던 대정맛집#큰돈가로컬의 포스가 강력한 도민 맛집개인적으로는 예전이 더 맛있었던몸국 맛집#명문사거리식당겉바속초의 정석~~!! 하루에 세번 먹어도 질리지 않을 것 같은 꺼멍샌드위치독특한 컨셉의 도시락과 동남아 리조트 느낌이 물씬 풍겨 기분이 좋았던#카페EPL전 날 저녁 웨이팅이 너무 길어서 다음날 점심에다시 찾아가 웨이팅 1도 없이 먹었던 고등어 회비린 맛 1도 없이 싱싱한 맛을 온전히 느낄 수 있었던#자리돔횟집'돼지갈비는 양념이지'라는 고정관념을 싹 사라지게 만든 돼지생갈비 맛집1인분에 18000원이인데 400g이라는 게 함정성인4명과 유아1명이 가서 3인분 먹고제왕절개 하고 나올 뻔.. 냉면의 양도 맛도 어마어마 했던 도민 맛집#제남가든크로플이 딱 초딩 입맛인 나에게 맞춤 제작 된 듯맛 이어서 넘나 좋았고  어마어마하게 큰 정원이 있어커피한잔 하며 산책하기도 딱 알맞춤이였던 카페동쪽 성산쪽에 위치하고 있어서빛의 벙커 구경 갔다가 들리기에 좋은 코스#이스틀리이 피드는 업체들에게 일정의 비용을 제공 받고쓰는 것 같은 느낌으로 쓰는 지극히 개인적인 피 같은 내 돈 100% 사용해서 솔직 담백하게 쓴 내돈내먹 피드입니다#제주도 #제주 #제주도맛집 #제주맛집 #제주카페 #내돈내산,"['#바굥식당인생', '#큰돈가로컬의', '#명문사거리식당겉바속초의', '#카페EPL전', ""#자리돔횟집'돼지갈비는"", '#제남가든크로플이', '#이스틀리이', '#제주도', '#제주', '#제주도맛집', '#제주맛집', '#제주카페', '#내돈내산']",2021-08-19,30,
favorite 🐶,[],2021-08-19,15,스누피가든
애월 로드129성게크림파스타흑돼지 멘치카츠흑돼지 치즈돈까스흑돼지 고구마치즈돈까스흑돼지 수제돈까스해물야끼소바재료소진시 조기마감전메뉴 포장가능#애월맛집#제주맛집#애월읍맛집#애월항맛집#제주애월점심#애월맛집추천#제주애월맛집#애월점심추천#애월밥집#제주현지인맛집#제주도민추천맛집#제주도현지인맛집#도민맛집#제주혼밥#제주시맛집#금능맛집#한림맛집#협재맛집#협재해수욕장맛집#곽지해수욕장맛집#더럭분교맛집#애월해안도로#제주서쪽맛집#애월데이트코스#새별오름#애월카페,"['#애월맛집', '#제주맛집', '#애월읍맛집', '#애월항맛집', '#제주애월점심', '#애월맛집추천', '#제주애월맛집', '#애월점심추천', '#애월밥집', '#제주현지인맛집', '#제주도민추천맛집', '#제주도현지인맛집', '#도민맛집', '#제주혼밥', '#제주시맛집', '#금능맛집', '#한림맛집', '#협재맛집', '#협재해수욕장맛집', '#곽지해수욕장맛집', '#더럭분교맛집', '#애월해안도로', '#제주서쪽맛집', '#애월데이트코스', '#새별오름', '#애월카페']",2021-08-19,저 좋아요를 눌러보세,
Umuuuuu🍮,[],2021-08-19,21,"Umu Pudding , 우무"
제주동문시장흑백사진관 1장 오천원 #제주도#제주도먹거리#흑백사진#제주도여행코스#제주도사진코스#제주도꼭가야할곳#제주맛집#제주도여행#제주도기념사진#제주도오일장#선우스타일#제주감성사진#동문시장주변#제주도실내관광#사랑분식#제주사진관강추#제주도기념사진#제주도증명사진#제주도여권사진#제주도운전면허증#성산일출봉#제주도사진관추천#제주도사진관선우스타일#용두암#함덕해수욕장#곽지해수욕장#제주동문시장#제주관광#제주도비오는날갈만한곳#제주도관광명소#제주도가봐야할곳,"['#제주도', '#제주도먹거리', '#흑백사진', '#제주도여행코스', '#제주도사진코스', '#제주도꼭가야할곳', '#제주맛집', '#제주도여행', '#제주도기념사진', '#제주도오일장', '#선우스타일', '#제주감성사진', '#동문시장주변', '#제주도실내관광', '#사랑분식', '#제주사진관강추', '#제주도기념사진', '#제주도증명사진', '#제주도여권사진', '#제주도운전면허증', '#성산일출봉', '#제주도사진관추천', '#제주도사진관선우스타일', '#용두암', '#함덕해수욕장', '#곽지해수욕장', '#제주동문시장', '#제주관광', '#제주도비오는날갈만한곳', '#제주도관광명소', '#제주도가봐야할곳']",2021-08-19,1,
안녕하세요. 달빛부둣가입니다 ◡̈요즘 바쁘다보니 오랜만에 찾아뵙네요.오늘은 다찌석이 아닌 일반 테이블 손님께서 오마카세를 원하셔서 따로 내어드렸어요🤲🏻저희는 사시미 오마카세 전문점이다보니 퀄리티가 장난아니죠?😎🌱해가 떠 있을때부터 달빛이 멈춰 선 부둣가의 그 곳에서맛과 분위기를 전해드리려해요.여러분을 “달빛부둣가”의 밤으로 초대할게요 ◡̈⋆*#제주도 #제주 #서귀포 #서귀포항 #새연교 #새섬 #천지연폭포 #달빛부둣가 #이자카야 #선술집 #일식집 #오마카세 #제주맛집 #서귀포맛집 #제주술집 #서귀포술집 #야경 #사케,"['#제주도', '#제주', '#서귀포', '#서귀포항', '#새연교', '#새섬', '#천지연폭포', '#달빛부둣가', '#이자카야', '#선술집', '#일식집', '#오마카세', '#제주맛집', '#서귀포맛집', '#제주술집', '#서귀포술집', '#야경', '#사케']",2021-08-19,10,제주 서귀포 세연교 새섬
"남녀노소 심지어 외국인까지 찾아오는 제주 찐맛집 가람돌솥밥통갈치구이까지 건강하게 먹어볼 수 있어서 제대로 만족스러운 곳!!#중문가람돌솥밥,,,,#제주맛집#서귀포맛집#중문맛집#제주중문맛집#중문관광단지맛집#제주통갈치구이#제주도아침식사#제주도통갈치구이#제주갈치구이#중문아침식사#중문갈치구이#중문맛집중문가람돌솥밥#제주전복돌솥밥#제주도갈치구이#제주도중문맛집#제주전복맛집","['#중문가람돌솥밥', '#제주맛집', '#서귀포맛집', '#중문맛집', '#제주중문맛집', '#중문관광단지맛집', '#제주통갈치구이', '#제주도아침식사', '#제주도통갈치구이', '#제주갈치구이', '#중문아침식사', '#중문갈치구이', '#중문맛집중문가람돌솥밥', '#제주전복돌솥밥', '#제주도갈치구이', '#제주도중문맛집', '#제주전복맛집']",2021-08-19,저 좋아요를 눌러보세,제주도 Jeju Island
.제주 핫플레이스 콧수염 카페 😊월정 바다가 한눈에 들어오는 야외 테라스바다 뷰와 편안한 빈백 소파옥상 빈백 정원여심 저격 피크닉까지 준비되어 있어요 ☕️🧺🐕제주시 구좌읍 해맞이해안로 406 카페콧수염070-4131-8880매일 모든 메뉴 sold-out 되므로 선착순 판매합니다.방문해주신 모든 분들께 감사드립니다#월정 #서귀포카페 #성산카페 #제주시카페 #제주마카롱맛집 #제주애견동반카페 #제주도 #공항근처맛집 #함덕해수욕장 #제주피크닉 #월정리카페 #월정리해수욕장 #제주카페추천 #제주도마카롱 #구좌읍맛집 #월정리맛집 #월정리카페콧수염 #제주월정리카페 #제주도맛집 #제주맛집 #구좌읍카페 #월정리콧수염 #월정리 #서귀포맛집 #제주카페 #제주월정리 #제주해안도로 #제주도카페 #월정리해변 #제주,"['#월정', '#서귀포카페', '#성산카페', '#제주시카페', '#제주마카롱맛집', '#제주애견동반카페', '#제주도', '#공항근처맛집', '#함덕해수욕장', '#제주피크닉', '#월정리카페', '#월정리해수욕장', '#제주카페추천', '#제주도마카롱', '#구좌읍맛집', '#월정리맛집', '#월정리카페콧수염', '#제주월정리카페', '#제주도맛집', '#제주맛집', '#구좌읍카페', '#월정리콧수염', '#월정리', '#서귀포맛집', '#제주카페', '#제주월정리', '#제주해안도로', '#제주도카페', '#월정리해변', '#제주']",2021-08-19,저 좋아요를 눌러보세,
애월 로드129성게크림파스타흑돼지 멘치카츠흑돼지 치즈돈까스흑돼지 고구마치즈돈까스흑돼지 수제돈까스해물야끼소바재료소진시 조기마감전메뉴 포장가능#애월맛집#제주맛집#애월읍맛집#애월항맛집#제주애월점심#애월맛집추천#제주애월맛집#애월점심추천#애월밥집#제주현지인맛집#제주도민추천맛집#제주도현지인맛집#도민맛집#제주혼밥#제주시맛집#금능맛집#한림맛집#협재맛집#협재해수욕장맛집#곽지해수욕장맛집#더럭분교맛집#애월해안도로#제주서쪽맛집#애월데이트코스#새별오름#애월카페,"['#애월맛집', '#제주맛집', '#애월읍맛집', '#애월항맛집', '#제주애월점심', '#애월맛집추천', '#제주애월맛집', '#애월점심추천', '#애월밥집', '#제주현지인맛집', '#제주도민추천맛집', '#제주도현지인맛집', '#도민맛집', '#제주혼밥', '#제주시맛집', '#금능맛집', '#한림맛집', '#협재맛집', '#협재해수욕장맛집', '#곽지해수욕장맛집', '#더럭분교맛집', '#애월해안도로', '#제주서쪽맛집', '#애월데이트코스', '#새별오름', '#애월카페']",2021-08-19,저 좋아요를 눌러보세,
"소라쌤 본인 체험 후기 사진이에요!!!!화장으로도 안 가려지던 피부였는데피부과 안가고 독소제거만 해줬을 뿐 너무 깨끗해졌죠❤️대부분 고객님들이 다이어트 때문에 시작하시지만,피부 건강 사사로운 고민 모두가 해결되는 걸 느끼시고제품 매니아가 되시지요 😋저도 다이어트 때문에 시작한 디톡스가 이렇게 피부까지 좋아질 줄은 몰랐답니다🤍🤍피부는 내 장기의 얼굴 ! ! 겉케어가 먼저가 아니라속부터 케어해줘야 원인이 제거가 된다는거 아시죠 🤧지금 당장 살이 빠지고 피부가 좋아지는 것두 너~~무 중요하겠지만 !앞으로 더 이상 살이 찌지 않고 트러블이 나지 않은 것이 더 중요하겠지요 ? 🤍다이어트나 피부 고민이나 원인을 잡아서해결하자고요💜💖😎자세한 문의는 프로필 하단 링크 click ☺️😎일상 #일상스타그램 #데일리 #셀카 #셀피그램 #뷰티 #오오티디 #피부스타그램 #먹스타그램 #맛스타그램 #맛팔 #제주도 #제주맛집 #제주도여행 #카페추천 #카페거리맛집 #카페#시너지디톡스#림프디톡스#프로알지","['#일상스타그램', '#데일리', '#셀카', '#셀피그램', '#뷰티', '#오오티디', '#피부스타그램', '#먹스타그램', '#맛스타그램', '#맛팔', '#제주도', '#제주맛집', '#제주도여행', '#카페추천', '#카페거리맛집', '#카페', '#시너지디톡스', '#림프디톡스', '#프로알지']",2021-08-19,6,
애월 로드129성게크림파스타흑돼지 멘치카츠흑돼지 치즈돈까스흑돼지 고구마치즈돈까스흑돼지 수제돈까스해물야끼소바재료소진시 조기마감전메뉴 포장가능#애월맛집#제주맛집#애월읍맛집#애월항맛집#제주애월점심#애월맛집추천#제주애월맛집#애월점심추천#애월밥집#제주현지인맛집#제주도민추천맛집#제주도현지인맛집#도민맛집#제주혼밥#제주시맛집#제주도맛집#금능맛집#한림맛집#협재맛집#협재해수욕장맛집#곽지해수욕장맛집#더럭분교맛집#애월해안도로#제주서쪽맛집#애월데이트코스#새별오름#애월카페#제주데이트코스,"['#애월맛집', '#제주맛집', '#애월읍맛집', '#애월항맛집', '#제주애월점심', '#애월맛집추천', '#제주애월맛집', '#애월점심추천', '#애월밥집', '#제주현지인맛집', '#제주도민추천맛집', '#제주도현지인맛집', '#도민맛집', '#제주혼밥', '#제주시맛집', '#제주도맛집', '#금능맛집', '#한림맛집', '#협재맛집', '#협재해수욕장맛집', '#곽지해수욕장맛집', '#더럭분교맛집', '#애월해안도로', '#제주서쪽맛집', '#애월데이트코스', '#새별오름', '#애월카페', '#제주데이트코스']",2021-08-19,저 좋아요를 눌러보세,
😚.😘 😘😆 😆요거요거.오키~~😆.😊: D.#일산맛집 #인계동맛집 #홍대맛집 #셀기꾼 #부평맛집 #안동맛집 #선릉맛집 #반영구 #제주맛집 #눈바디 #상남동맛집 #일상 #저녁밥상 #무거동맛집 #동래맛집 #진수성찬 #성산일출봉 #황리단길맛집 #성산맛집 #애월맛집,"['#일산맛집', '#인계동맛집', '#홍대맛집', '#셀기꾼', '#부평맛집', '#안동맛집', '#선릉맛집', '#반영구', '#제주맛집', '#눈바디', '#상남동맛집', '#일상', '#저녁밥상', '#무거동맛집', '#동래맛집', '#진수성찬', '#성산일출봉', '#황리단길맛집', '#성산맛집', '#애월맛집']",2021-08-19,0,
#제주 #제주여행 #제주맛집 #제주카페 #제주17일살기 #제주가볼만한곳 #제주도아이들과가볼만한곳 # #제주여행8일차🌴 #우도여행 #우도온오프#우도치즈돈까스 #우도달콤아재 #땅콩아이스크림 #한라봉아이스크림#제주도호우주의보 #에메랄드빛바다,"['#제주', '#제주여행', '#제주맛집', '#제주카페', '#제주17일살기', '#제주가볼만한곳', '#제주도아이들과가볼만한곳', '#제주여행8일차🌴', '#우도여행', '#우도온오프', '#우도치즈돈까스', '#우도달콤아재', '#땅콩아이스크림', '#한라봉아이스크림', '#제주도호우주의보', '#에메랄드빛바다']",2021-08-19,8,
.#차뜨락 #차뜨락본점 #제주카페 #제주한방찻집 #제주쌍화차 #차뜨락제주점#제주맛집 #차뜨락소품 #모슬포찻집#모슬포항 #모슬포항카페 #제주찻집 #제주찻집추천 #제주도카페 #제주도찻집 #제주도찻집추천 #차뜨락공방 #서귀포카페 #서귀포찻집 #서귀포차뜨락,"['#차뜨락', '#차뜨락본점', '#제주카페', '#제주한방찻집', '#제주쌍화차', '#차뜨락제주점', '#제주맛집', '#차뜨락소품', '#모슬포찻집', '#모슬포항', '#모슬포항카페', '#제주찻집', '#제주찻집추천', '#제주도카페', '#제주도찻집', '#제주도찻집추천', '#차뜨락공방', '#서귀포카페', '#서귀포찻집', '#서귀포차뜨락']",2021-08-19,2,
애월 로드129성게크림파스타흑돼지 멘치카츠흑돼지 치즈돈까스흑돼지 고구마치즈돈까스흑돼지 수제돈까스해물야끼소바재료소진시 조기마감전메뉴 포장가능#애월맛집#제주맛집#애월읍맛집#애월항맛집#제주애월점심#애월맛집추천#제주애월맛집#애월점심추천#애월밥집#제주현지인맛집#제주도민추천맛집#제주도현지인맛집#도민맛집#제주혼밥#제주시맛집#제주도맛집#금능맛집#한림맛집#협재맛집#협재해수욕장맛집#곽지해수욕장맛집#더럭분교맛집#애월해안도로#제주서쪽맛집#애월데이트코스#새별오름#애월카페,"['#애월맛집', '#제주맛집', '#애월읍맛집', '#애월항맛집', '#제주애월점심', '#애월맛집추천', '#제주애월맛집', '#애월점심추천', '#애월밥집', '#제주현지인맛집', '#제주도민추천맛집', '#제주도현지인맛집', '#도민맛집', '#제주혼밥', '#제주시맛집', '#제주도맛집', '#금능맛집', '#한림맛집', '#협재맛집', '#협재해수욕장맛집', '#곽지해수욕장맛집', '#더럭분교맛집', '#애월해안도로', '#제주서쪽맛집', '#애월데이트코스', '#새별오름', '#애월카페']",2021-08-19,저 좋아요를 눌러보세,
".사진속 요리는 ""쭈꾸미뽁음"" 이다통쭈꾸미 와 만능소스 또한 (주)서진무역 에서 취급 한다개인적으로 는 ""마라쭈꾸미"" 를 추천 하고 싶다 ^^나이때가 있으신 어르신들은 치아 상태가 좋지 않으신 분들이 태반일건데 통쭈꾸는 씹어 보니 살이 정말 부드럽고 크기가 큰 편이다문의 는 (주)서진무역 변 차장 😅😅010-2352-3921",[],2021-08-19,19,
숙소에서 가까운곳 찾다가얻어걸렸는데 고기 구워먹으면서뷰가 지려씀이게 진짜 제주맛이지💛다들 해질때 맞춰서 가세요!!!,[],2021-08-19,92,제주미친흑돈
"아카렌가 점심메뉴인 #연어덮밥 입니다. 그릇이 많이 없어서 아직 매장에선 드실 수 없지만 조만간 가게에서도 드실 수 있게 준비하겠습니다. 지금은 포장/배달로 드실 수 있어요~ #란치메뉴점심시간 12:30~3:00맛있는 수제요리가 있는 선술집 아카렌가입니다여유있고 편안한 분위기에서 주인장이 정성껏만든 수제요리를 즐겨 보세요. 혼술환영합니다. 8/18~29일 4단계 기간동안 가게에서저녁6시~10시까지 드실 수 있습니다.두 분까지 입장 가능하시고 나눠앉기 안됩니다. (가족예외)같은 기간 배달포장주문은 12:30까지 됩니다. 배달의민족, 요기요 주문됩니다. 한림우체국옆 2층에 있습니다.매주 일요일 쉽니다.064-796-7795#아카렌가 #한림아카렌가#제주심야식당 #제주이자카야#제주여행#제주분위기좋은술집 #혼술#배달의민족 #안주포장 #테이크아웃#협재안주포장 #한림안주포장#제주술집 #제주맛집#애월술집 #애월맛집#한림술집 #한림맛집#협재술집 #협재맛집#금능술집 #금능맛집 #도민맛집#협재해수욕장 #금능해수욕장#맛스타그램 #먹스타그램 #술스타그램","['#연어덮밥', '#란치메뉴점심시간', '#아카렌가', '#한림아카렌가', '#제주심야식당', '#제주이자카야', '#제주여행', '#제주분위기좋은술집', '#혼술', '#배달의민족', '#안주포장', '#테이크아웃', '#협재안주포장', '#한림안주포장', '#제주술집', '#제주맛집', '#애월술집', '#애월맛집', '#한림술집', '#한림맛집', '#협재술집', '#협재맛집', '#금능술집', '#금능맛집', '#도민맛집', '#협재해수욕장', '#금능해수욕장', '#맛스타그램', '#먹스타그램', '#술스타그램']",2021-08-19,11,아카렌가
#제주두잇두잇 #서스타 #뛰어오름 #스토리발전소 #제주현지인 #신박한제주--------------------#오드싱_제주 단일면적최대규모 의  카페가 제주에오다!! -----------------------#제주맛집 🍲 #사진찍기좋은곳 🪅#웨딩사진 🎎#핫카페 🖼  #뷰맛집 🏞  #제주썬셋 🌅 #제주여행 🏔#제주일상 #제주라이프 #제주그램 #애월 #한림 #한경 #대정 #안덕 #구좌 #성산 #서귀포 #중문 #남원,"['#제주두잇두잇', '#서스타', '#뛰어오름', '#스토리발전소', '#제주현지인', '#신박한제주--------------------', '#오드싱_제주', '#제주맛집', '#사진찍기좋은곳', '#웨딩사진', '#핫카페', '#뷰맛집', '#제주썬셋', '#제주여행', '#제주일상', '#제주라이프', '#제주그램', '#애월', '#한림', '#한경', '#대정', '#안덕', '#구좌', '#성산', '#서귀포', '#중문', '#남원']",2021-08-19,10,
제주도에서만 즐길수있는 수제버거 관자스테이크버거 고단백 저칼로리 제주 버거요 미친선셋은 덤입니다,[],2021-08-19,0,
테이블마다 투명가림막이 되어 있어서요즘 같은 시국에 안심하고 먹을 수 있는 위생관리 잘 되어있어요게다가 갈치조림도 나름 만족스럽고 또 가고 싶네요#중문갈치조림 #색달식당중문본점-----#중문관광단지맛집#서귀포맛집#제주중문맛집#제주도맛집#중문맛집색달식당#제주갈치조림#제주맛집#제주도중문맛집#제주갈치구이,"['#중문갈치조림', '#색달식당중문본점-----', '#중문관광단지맛집', '#서귀포맛집', '#제주중문맛집', '#제주도맛집', '#중문맛집색달식당', '#제주갈치조림', '#제주맛집', '#제주도중문맛집', '#제주갈치구이']",2021-08-19,저 좋아요를 눌러보세,제주도 서귀포시 중문
애월당!!,[],2021-08-19,저 좋아요를 눌러보세,
이쁜 가족이 주문하신 애플망고 아이스크림과 에니스케리의 시그니쳐 메뉴인 코코넛라떼 아이스예요 :),[],2021-08-19,17,에니스케리
2021.08.18,[],2021-08-19,ghun_님 외 40명이 좋아합니,광치기해변
